DateKey,Date,Year,Quarter,Month,MonthName,Week,Day,Weekday,IsWeekend
20240101.0,2024-01-01,2024.0,Q1,1.0,January,1.0,1.0,Monday,0.0
20240102.0,2024-01-02,2024.0,Q1,1.0,January,1.0,2.0,Tuesday,0.0
20240103.0,2024-01-03,2024.0,Q1,1.0,January,1.0,3.0,Wednesday,0.0
20240104.0,2024-01-04,2024.0,Q1,1.0,January,1.0,4.0,Thursday,0.0
20240105.0,2024-01-05,2024.0,Q1,1.0,January,1.0,5.0,Friday,0.0
20240106.0,2024-01-06,2024.0,Q1,1.0,January,1.0,6.0,Saturday,1.0
20240107.0,2024-01-07,2024.0,Q1,1.0,January,1.0,7.0,Sunday,1.0
20240108.0,2024-01-08,2024.0,Q1,1.0,January,2.0,8.0,Monday,0.0
20240109.0,2024-01-09,2024.0,Q1,1.0,January,2.0,9.0,Tuesday,0.0
20240110.0,2024-01-10,2024.0,Q1,1.0,January,2.0,10.0,Wednesday,0.0
20240112.0,2024-01-11,2024.0,Q1,1.0,January,2.0,11.0,Thursday,0.0
20240112.0,2024-01-12,2024.0,Q1,1.0,January,2.0,12.0,Friday,0.0
20240113.0,2024-01-13,2024.0,Q1,1.0,January,2.0,13.0,Saturday,1.0
20240114.0,2024-01-14,2024.0,Q1,1.0,January,2.0,14.0,Sunday,1.0
20240115.0,2024-01-15,2024.0,Q1,1.0,January,3.0,15.0,Monday,0.0
20240116.0,2024-01-16,2024.0,Q1,1.0,January,3.0,16.0,Tuesday,0.0
20240117.0,2024-01-17,2024.0,Q1,1.0,January,3.0,17.0,Wednesday,0.0
20240118.0,2024-01-18,2024.0,Q1,1.0,January,3.0,18.0,Thursday,0.0
20240119.0,2024-01-19,2024.0,Q1,1.0,January,3.0,19.0,Friday,0.0
20240120.0,2024-01-20,2024.0,Q1,1.0,January,3.0,20.0,Saturday,1.0
20240121.0,2024-01-21,2024.0,Q1,1.0,January,3.0,21.0,Sunday,1.0
20240122.0,2024-01-22,2024.0,Q1,1.0,January,4.0,22.0,Monday,0.0
20240123.0,2024-01-23,2024.0,Q1,1.0,January,4.0,23.0,Tuesday,0.0
20240124.0,2024-01-24,2024.0,Q1,1.0,January,4.0,24.0,Wednesday,0.0
20240125.0,2024-01-25,2024.0,Q1,1.0,January,4.0,25.0,Thursday,0.0
20240126.0,2024-01-26,2024.0,Q1,1.0,January,4.0,26.0,Friday,0.0
20240127.0,2024-01-27,2024.0,Q1,1.0,January,4.0,27.0,Saturday,1.0
20240128.0,2024-01-28,2024.0,Q1,1.0,January,4.0,28.0,Sunday,1.0
20240129.0,2024-01-29,2024.0,Q1,1.0,January,5.0,29.0,Monday,0.0
20240130.0,2024-01-30,2024.0,Q1,1.0,January,5.0,30.0,Tuesday,0.0
20240131.0,2024-01-31,2024.0,Q1,1.0,January,5.0,31.0,Wednesday,0.0
20240201.0,2024-02-01,2024.0,Q1,2.0,February,5.0,1.0,Thursday,0.0
20240202.0,2024-02-02,2024.0,Q1,2.0,February,5.0,2.0,Friday,0.0
20240203.0,2024-02-03,2024.0,Q1,2.0,February,5.0,3.0,Saturday,1.0
20240204.0,2024-02-04,2024.0,Q1,2.0,February,5.0,4.0,Sunday,1.0
20240205.0,2024-02-05,2024.0,Q1,2.0,February,6.0,5.0,Monday,0.0
20240206.0,2024-02-06,2024.0,Q1,2.0,February,6.0,6.0,Tuesday,0.0
20240207.0,2024-02-07,2024.0,Q1,2.0,February,6.0,7.0,Wednesday,0.0
20240208.0,2024-02-08,2024.0,Q1,2.0,February,6.0,8.0,Thursday,0.0
20240209.0,2024-02-09,2024.0,Q1,2.0,February,6.0,9.0,Friday,0.0
20240210.0,2024-02-10,2024.0,Q1,2.0,February,6.0,10.0,Saturday,1.0
20240211.0,2024-02-11,2024.0,Q1,2.0,February,6.0,11.0,Sunday,1.0
20240212.0,2024-02-12,2024.0,Q1,2.0,February,7.0,12.0,Monday,0.0
20240213.0,2024-02-13,2024.0,Q1,2.0,February,7.0,13.0,Tuesday,0.0
20240214.0,2024-02-14,2024.0,Q1,2.0,February,7.0,14.0,Wednesday,0.0
20240215.0,2024-02-15,2024.0,Q1,2.0,February,7.0,15.0,Thursday,0.0
20240216.0,2024-02-16,2024.0,Q1,2.0,February,7.0,16.0,Friday,0.0
20240217.0,2024-02-17,2024.0,Q1,2.0,February,7.0,17.0,Saturday,1.0
20240218.0,2024-02-18,2024.0,Q1,2.0,February,7.0,18.0,Sunday,1.0
20240219.0,2024-02-19,2024.0,Q1,2.0,February,8.0,19.0,Monday,0.0
20240220.0,2024-02-20,2024.0,Q1,2.0,February,8.0,20.0,Tuesday,0.0
20240221.0,2024-02-21,2024.0,Q1,2.0,February,8.0,21.0,Wednesday,0.0
20240222.0,2024-02-22,2024.0,Q1,2.0,February,8.0,22.0,Thursday,0.0
20240223.0,2024-02-23,2024.0,Q1,2.0,February,8.0,23.0,Friday,0.0
20240224.0,2024-02-24,2024.0,Q1,2.0,February,8.0,24.0,Saturday,1.0
20240225.0,2024-02-25,2024.0,Q1,2.0,February,8.0,25.0,Sunday,1.0
20240226.0,2024-02-26,2024.0,Q1,2.0,February,9.0,26.0,Monday,0.0
20240227.0,2024-02-27,2024.0,Q1,2.0,February,9.0,27.0,Tuesday,0.0
20240228.0,2024-02-28,2024.0,Q1,2.0,February,9.0,28.0,Wednesday,0.0
20240229.0,2024-02-29,2024.0,Q1,2.0,February,9.0,29.0,Thursday,0.0
20240301.0,2024-03-01,2024.0,Q1,3.0,March,9.0,1.0,Friday,0.0
20240302.0,2024-03-02,2024.0,Q1,3.0,March,9.0,2.0,Saturday,1.0
20240303.0,2024-03-03,2024.0,Q1,3.0,March,9.0,3.0,Sunday,1.0
20240304.0,2024-03-04,2024.0,Q1,3.0,March,10.0,4.0,Monday,0.0
20240305.0,2024-03-05,2024.0,Q1,3.0,March,10.0,5.0,Tuesday,0.0
20240306.0,2024-03-06,2024.0,Q1,3.0,March,10.0,6.0,Wednesday,0.0
20240307.0,2024-03-07,2024.0,Q1,3.0,March,10.0,7.0,Thursday,0.0
20240308.0,2024-03-08,2024.0,Q1,3.0,March,10.0,8.0,Friday,0.0
20240309.0,2024-03-09,2024.0,Q1,3.0,March,10.0,9.0,Saturday,1.0
20240310.0,2024-03-10,2024.0,Q1,3.0,March,10.0,10.0,Sunday,1.0
20240311.0,2024-03-11,2024.0,Q1,3.0,March,11.0,11.0,Monday,0.0
20240312.0,2024-03-12,2024.0,Q1,3.0,March,11.0,12.0,Tuesday,0.0
20240313.0,2024-03-13,2024.0,Q1,3.0,March,11.0,13.0,Wednesday,0.0
20240314.0,2024-03-14,2024.0,Q1,3.0,March,11.0,14.0,Thursday,0.0
20240315.0,2024-03-15,2024.0,Q1,3.0,March,11.0,15.0,Friday,0.0
20240316.0,2024-03-16,2024.0,Q1,3.0,March,11.0,16.0,Saturday,1.0
20240317.0,2024-03-17,2024.0,Q1,3.0,March,11.0,17.0,Sunday,1.0
20240318.0,2024-03-18,2024.0,Q1,3.0,March,12.0,18.0,Monday,0.0
20240319.0,2024-03-19,2024.0,Q1,3.0,March,12.0,19.0,Tuesday,0.0
20240320.0,2024-03-20,2024.0,Q1,3.0,March,12.0,20.0,Wednesday,0.0
20240321.0,2024-03-21,2024.0,Q1,3.0,March,12.0,21.0,Thursday,0.0
20240322.0,2024-03-22,2024.0,Q1,3.0,March,12.0,22.0,Friday,0.0
20240323.0,2024-03-23,2024.0,Q1,3.0,March,12.0,23.0,Saturday,1.0
20240324.0,2024-03-24,2024.0,Q1,3.0,March,12.0,24.0,Sunday,1.0
20240325.0,2024-03-25,2024.0,Q1,3.0,March,13.0,25.0,Monday,0.0
20240326.0,2024-03-26,2024.0,Q1,3.0,March,13.0,26.0,Tuesday,0.0
20240327.0,2024-03-27,2024.0,Q1,3.0,March,13.0,27.0,Wednesday,0.0
20240328.0,2024-03-28,2024.0,Q1,3.0,March,13.0,28.0,Thursday,0.0
20240329.0,2024-03-29,2024.0,Q1,3.0,March,13.0,29.0,Friday,0.0
20240330.0,2024-03-30,2024.0,Q1,3.0,March,13.0,30.0,Saturday,1.0
20240331.0,2024-03-31,2024.0,Q1,3.0,March,13.0,31.0,Sunday,1.0
20240401.0,2024-04-01,2024.0,Q2,4.0,April,14.0,1.0,Monday,0.0
20240402.0,2024-04-02,2024.0,Q2,4.0,April,14.0,2.0,Tuesday,0.0
20240403.0,2024-04-03,2024.0,Q2,4.0,April,14.0,3.0,Wednesday,0.0
20240404.0,2024-04-04,2024.0,Q2,4.0,April,14.0,4.0,Thursday,0.0
20240405.0,2024-04-05,2024.0,Q2,4.0,April,14.0,5.0,Friday,0.0
20240406.0,2024-04-06,2024.0,Q2,4.0,April,14.0,6.0,Saturday,1.0
20240407.0,2024-04-07,2024.0,Q2,4.0,April,14.0,7.0,Sunday,1.0
20240408.0,2024-04-08,2024.0,Q2,4.0,April,15.0,8.0,Monday,0.0
20240409.0,2024-04-09,2024.0,Q2,4.0,April,15.0,9.0,Tuesday,0.0
20240410.0,2024-10-04,2024.0,Q2,4.0,April,15.0,10.0,Wednesday,0.0
20240411.0,2024-04-11,2024.0,Q2,4.0,April,15.0,11.0,Thursday,0.0
20240412.0,2024-04-12,2024.0,Q2,4.0,April,15.0,12.0,Friday,0.0
20240413.0,2024-04-13,2024.0,Q2,4.0,April,15.0,13.0,Saturday,1.0
20240414.0,2024-04-14,2024.0,Q2,4.0,April,15.0,14.0,Sunday,1.0
20240415.0,2024-04-15,2024.0,Q2,4.0,April,16.0,15.0,Monday,0.0
20240416.0,2024-04-16,2024.0,Q2,4.0,April,16.0,16.0,Tuesday,0.0
20240417.0,2024-04-17,2024.0,Q2,4.0,April,16.0,17.0,Wednesday,0.0
20240418.0,2024-04-18,2024.0,Q2,4.0,April,16.0,18.0,Thursday,0.0
20240419.0,2024-04-19,2024.0,Q2,4.0,April,16.0,19.0,Friday,0.0
20240420.0,2024-04-20,2024.0,Q2,4.0,April,16.0,20.0,Saturday,1.0
20240421.0,2024-04-21,2024.0,Q2,4.0,April,16.0,21.0,Sunday,1.0
20240422.0,2024-04-22,2024.0,Q2,4.0,April,17.0,22.0,Monday,0.0
20240423.0,2024-04-23,2024.0,Q2,4.0,April,17.0,23.0,Tuesday,0.0
20240424.0,2024-04-24,2024.0,Q2,4.0,April,17.0,24.0,Wednesday,0.0
20240425.0,2024-04-25,2024.0,Q2,4.0,April,17.0,25.0,Thursday,0.0
20240426.0,2024-04-26,2024.0,Q2,4.0,April,17.0,26.0,Friday,0.0
20240427.0,2024-04-27,2024.0,Q2,4.0,April,17.0,27.0,Saturday,1.0
20240428.0,2024-04-28,2024.0,Q2,4.0,April,17.0,28.0,Sunday,1.0
20240429.0,2024-04-29,2024.0,Q2,4.0,April,18.0,29.0,Monday,0.0
20240430.0,2024-04-30,2024.0,Q2,4.0,April,18.0,30.0,Tuesday,0.0
20240501.0,2024-05-01,2024.0,Q2,5.0,May,18.0,1.0,Wednesday,0.0
20240502.0,2024-05-02,2024.0,Q2,5.0,May,18.0,2.0,Thursday,0.0
20240503.0,2024-05-03,2024.0,Q2,5.0,May,18.0,3.0,Friday,0.0
20240504.0,2024-05-04,2024.0,Q2,5.0,May,18.0,4.0,Saturday,1.0
20240505.0,2024-05-05,2024.0,Q2,5.0,May,18.0,5.0,Sunday,1.0
20240506.0,2024-05-06,2024.0,Q2,5.0,May,19.0,6.0,Monday,0.0
20240507.0,2024-05-07,2024.0,Q2,5.0,May,19.0,7.0,Tuesday,0.0
20240508.0,2024-05-08,2024.0,Q2,5.0,May,19.0,8.0,Wednesday,0.0
20240509.0,2024-05-09,2024.0,Q2,5.0,May,19.0,9.0,Thursday,0.0
20240510.0,2024-05-10,2024.0,Q2,5.0,May,19.0,10.0,Friday,0.0
20240511.0,2024-05-11,2024.0,Q2,5.0,May,19.0,11.0,Saturday,1.0
20240512.0,2024-05-12,2024.0,Q2,5.0,May,19.0,12.0,Sunday,1.0
20240513.0,2024-05-13,2024.0,Q2,5.0,May,20.0,13.0,Monday,0.0
20240514.0,2024-05-14,2024.0,Q2,5.0,May,20.0,14.0,Tuesday,0.0
20240515.0,2024-05-15,2024.0,Q2,5.0,May,20.0,15.0,Wednesday,0.0
20240516.0,2024-05-16,2024.0,Q2,5.0,May,20.0,16.0,Thursday,0.0
20240517.0,2024-05-17,2024.0,Q2,5.0,May,20.0,17.0,Friday,0.0
20240518.0,2024-05-18,2024.0,Q2,5.0,May,20.0,18.0,Saturday,1.0
20240519.0,2024-05-19,2024.0,Q2,5.0,May,20.0,19.0,Sunday,1.0
20240520.0,2024-05-20,2024.0,Q2,5.0,May,21.0,20.0,Monday,0.0
20240521.0,2024-05-21,2024.0,Q2,5.0,May,21.0,21.0,Tuesday,0.0
20240522.0,2024-05-22,2024.0,Q2,5.0,May,21.0,22.0,Wednesday,0.0
20240523.0,2024-05-23,2024.0,Q2,5.0,May,21.0,23.0,Thursday,0.0
20240524.0,2024-05-24,2024.0,Q2,5.0,May,21.0,24.0,Friday,0.0
20240525.0,2024-05-25,2024.0,Q2,5.0,May,21.0,25.0,Saturday,1.0
20240526.0,2024-05-26,2024.0,Q2,5.0,May,21.0,26.0,Sunday,1.0
20240527.0,2024-05-27,2024.0,Q2,5.0,May,22.0,27.0,Monday,0.0
20240528.0,2024-05-28,2024.0,Q2,5.0,May,22.0,28.0,Tuesday,0.0
20240529.0,2024-05-29,2024.0,Q2,5.0,May,22.0,29.0,Wednesday,0.0
20240530.0,2024-05-30,2024.0,Q2,5.0,May,22.0,30.0,Thursday,0.0
20240531.0,2024-05-31,2024.0,Q2,5.0,May,22.0,31.0,Friday,0.0
20240601.0,2024-06-01,2024.0,Q2,6.0,June,22.0,1.0,Saturday,1.0
20240602.0,2024-06-02,2024.0,Q2,6.0,June,22.0,2.0,Sunday,1.0
20240603.0,2024-06-03,2024.0,Q2,6.0,June,23.0,3.0,Monday,0.0
20240604.0,2024-06-04,2024.0,Q2,6.0,June,23.0,4.0,Tuesday,0.0
20240605.0,2024-06-05,2024.0,Q2,6.0,June,23.0,5.0,Wednesday,0.0
20240606.0,2024-06-06,2024.0,Q2,6.0,June,23.0,6.0,Thursday,0.0
20240607.0,2024-06-07,2024.0,Q2,6.0,June,23.0,7.0,Friday,0.0
20240608.0,2024-06-08,2024.0,Q2,6.0,June,23.0,8.0,Saturday,1.0
20240609.0,2024-06-09,2024.0,Q2,6.0,June,23.0,9.0,Sunday,1.0
20240610.0,2024-06-10,2024.0,Q2,6.0,June,24.0,10.0,Monday,0.0
20240611.0,2024-06-11,2024.0,Q2,6.0,June,24.0,11.0,Tuesday,0.0
20240612.0,2024-06-12,2024.0,Q2,6.0,June,24.0,12.0,Wednesday,0.0
20240613.0,2024-06-13,2024.0,Q2,6.0,June,24.0,13.0,Thursday,0.0
20240614.0,2024-06-14,2024.0,Q2,6.0,June,24.0,14.0,Friday,0.0
20240615.0,2024-06-15,2024.0,Q2,6.0,June,24.0,15.0,Saturday,1.0
20240616.0,2024-06-16,2024.0,Q2,6.0,June,24.0,16.0,Sunday,1.0
20240617.0,2024-06-17,2024.0,Q2,6.0,June,25.0,17.0,Monday,0.0
20240618.0,2024-06-18,2024.0,Q2,6.0,June,25.0,18.0,Tuesday,0.0
20240619.0,2024-06-19,2024.0,Q2,6.0,June,25.0,19.0,Wednesday,0.0
20240620.0,2024-06-20,2024.0,Q2,6.0,June,25.0,20.0,Thursday,0.0
20240621.0,2024-06-21,2024.0,Q2,6.0,June,25.0,21.0,Friday,0.0
20240622.0,2024-06-22,2024.0,Q2,6.0,June,25.0,22.0,Saturday,1.0
20240623.0,2024-06-23,2024.0,Q2,6.0,June,25.0,23.0,Sunday,1.0
20240624.0,2024-06-24,2024.0,Q2,6.0,June,26.0,24.0,Monday,0.0
20240625.0,2024-06-25,2024.0,Q2,6.0,June,26.0,25.0,Tuesday,0.0
20240626.0,2024-06-26,2024.0,Q2,6.0,June,26.0,26.0,Wednesday,0.0
20240627.0,2024-06-27,2024.0,Q2,6.0,June,26.0,27.0,Thursday,0.0
20240628.0,2024-06-28,2024.0,Q2,6.0,June,26.0,28.0,Friday,0.0
20240629.0,2024-06-29,2024.0,Q2,6.0,June,26.0,29.0,Saturday,1.0
20240630.0,2024-06-30,2024.0,Q2,6.0,June,26.0,30.0,Sunday,1.0
20240701.0,2024-07-01,2024.0,Q3,7.0,July,27.0,1.0,Monday,0.0
20240702.0,2024-07-02,2024.0,Q3,7.0,July,27.0,2.0,Tuesday,0.0
20240703.0,2024-07-03,2024.0,Q3,7.0,July,27.0,3.0,Wednesday,0.0
20240704.0,2024-07-04,2024.0,Q3,7.0,July,27.0,4.0,Thursday,0.0
20240705.0,2024-07-05,2024.0,Q3,7.0,July,27.0,5.0,Friday,0.0
20240706.0,2024-07-06,2024.0,Q3,7.0,July,27.0,6.0,Saturday,1.0
20240707.0,2024-07-07,2024.0,Q3,7.0,July,27.0,7.0,Sunday,1.0
20240708.0,2024-07-08,2024.0,Q3,7.0,July,28.0,8.0,Monday,0.0
20240709.0,2024-07-09,2024.0,Q3,7.0,July,28.0,9.0,Tuesday,0.0
20240710.0,2024-07-10,2024.0,Q3,7.0,July,28.0,10.0,Wednesday,0.0
20240711.0,2024-07-11,2024.0,Q3,7.0,July,28.0,11.0,Thursday,0.0
20240712.0,2024-07-12,2024.0,Q3,7.0,July,28.0,12.0,Friday,0.0
20240713.0,2024-07-13,2024.0,Q3,7.0,July,28.0,13.0,Saturday,1.0
20240714.0,2024-07-14,2024.0,Q3,7.0,July,28.0,14.0,Sunday,1.0
20240715.0,2024-07-15,2024.0,Q3,7.0,July,29.0,15.0,Monday,0.0
20240716.0,2024-07-16,2024.0,Q3,7.0,July,29.0,16.0,Tuesday,0.0
20240717.0,2024-07-17,2024.0,Q3,7.0,July,29.0,17.0,Wednesday,0.0
20240718.0,2024-07-18,2024.0,Q3,7.0,July,29.0,18.0,Thursday,0.0
20240719.0,2024-07-19,2024.0,Q3,7.0,July,29.0,19.0,Friday,0.0
20240720.0,2024-07-20,2024.0,Q3,7.0,July,29.0,20.0,Saturday,1.0
20240721.0,2024-07-21,2024.0,Q3,7.0,July,29.0,21.0,Sunday,1.0
20240722.0,2024-07-22,2024.0,Q3,7.0,July,30.0,22.0,Monday,0.0
20240723.0,2024-07-23,2024.0,Q3,7.0,July,30.0,23.0,Tuesday,0.0
20240724.0,2024-07-24,2024.0,Q3,7.0,July,30.0,24.0,Wednesday,0.0
20240725.0,2024-07-25,2024.0,Q3,7.0,July,30.0,25.0,Thursday,0.0
20240726.0,2024-07-26,2024.0,Q3,7.0,July,30.0,26.0,Friday,0.0
20240727.0,2024-07-27,2024.0,Q3,7.0,July,30.0,27.0,Saturday,1.0
20240728.0,2024-07-28,2024.0,Q3,7.0,July,30.0,28.0,Sunday,1.0
20240729.0,2024-07-29,2024.0,Q3,7.0,July,31.0,29.0,Monday,0.0
20240730.0,2024-07-30,2024.0,Q3,7.0,July,31.0,30.0,Tuesday,0.0
20240731.0,2024-07-31,2024.0,Q3,7.0,July,31.0,31.0,Wednesday,0.0
20240801.0,2024-08-01,2024.0,Q3,8.0,August,31.0,1.0,Thursday,0.0
20240802.0,2024-08-02,2024.0,Q3,8.0,August,31.0,2.0,Friday,0.0
20240803.0,2024-08-03,2024.0,Q3,8.0,August,31.0,3.0,Saturday,1.0
20240804.0,2024-08-04,2024.0,Q3,8.0,August,31.0,4.0,Sunday,1.0
20240805.0,2024-08-05,2024.0,Q3,8.0,August,32.0,5.0,Monday,0.0
20240806.0,2024-08-06,2024.0,Q3,8.0,August,32.0,6.0,Tuesday,0.0
20240807.0,2024-08-07,2024.0,Q3,8.0,August,32.0,7.0,Wednesday,0.0
20240808.0,2024-08-08,2024.0,Q3,8.0,August,32.0,8.0,Thursday,0.0
20240809.0,2024-08-09,2024.0,Q3,8.0,August,32.0,9.0,Friday,0.0
20240810.0,2024-08-10,2024.0,Q3,8.0,August,32.0,10.0,Saturday,1.0
20240811.0,2024-08-11,2024.0,Q3,8.0,August,32.0,11.0,Sunday,1.0
20240812.0,2024-08-12,2024.0,Q3,8.0,August,33.0,12.0,Monday,0.0
20240813.0,2024-08-13,2024.0,Q3,8.0,August,33.0,13.0,Tuesday,0.0
20240814.0,2024-08-14,2024.0,Q3,8.0,August,33.0,14.0,Wednesday,0.0
20240815.0,2024-08-15,2024.0,Q3,8.0,August,33.0,15.0,Thursday,0.0
20240816.0,2024-08-16,2024.0,Q3,8.0,August,33.0,16.0,Friday,0.0
20240817.0,2024-08-17,2024.0,Q3,8.0,August,33.0,17.0,Saturday,1.0
20240818.0,2024-08-18,2024.0,Q3,8.0,August,33.0,18.0,Sunday,1.0
20240819.0,2024-08-19,2024.0,Q3,8.0,August,34.0,19.0,Monday,0.0
20240820.0,2024-08-20,2024.0,Q3,8.0,August,34.0,20.0,Tuesday,0.0
20240821.0,2024-08-21,2024.0,Q3,8.0,August,34.0,21.0,Wednesday,0.0
20240822.0,2024-08-22,2024.0,Q3,8.0,August,34.0,22.0,Thursday,0.0
20240823.0,2024-08-23,2024.0,Q3,8.0,August,34.0,23.0,Friday,0.0
20240824.0,2024-08-24,2024.0,Q3,8.0,August,34.0,24.0,Saturday,1.0
20240825.0,2024-08-25,2024.0,Q3,8.0,August,34.0,25.0,Sunday,1.0
20240826.0,2024-08-26,2024.0,Q3,8.0,August,35.0,26.0,Monday,0.0
20240827.0,2024-08-27,2024.0,Q3,8.0,August,35.0,27.0,Tuesday,0.0
20240828.0,2024-08-28,2024.0,Q3,8.0,August,35.0,28.0,Wednesday,0.0
20240829.0,2024-08-29,2024.0,Q3,8.0,August,35.0,29.0,Thursday,0.0
20240830.0,2024-08-30,2024.0,Q3,8.0,August,35.0,30.0,Friday,0.0
20240831.0,2024-08-31,2024.0,Q3,8.0,August,35.0,31.0,Saturday,1.0
20240901.0,2024-09-01,2024.0,Q3,9.0,September,35.0,1.0,Sunday,1.0
20240902.0,2024-09-02,2024.0,Q3,9.0,September,36.0,2.0,Monday,0.0
20240903.0,2024-09-03,2024.0,Q3,9.0,September,36.0,3.0,Tuesday,0.0
20240904.0,2024-09-04,2024.0,Q3,9.0,September,36.0,4.0,Wednesday,0.0
20240905.0,2024-09-05,2024.0,Q3,9.0,September,36.0,5.0,Thursday,0.0
20240906.0,2024-09-06,2024.0,Q3,9.0,September,36.0,6.0,Friday,0.0
20240907.0,2024-07-09,2024.0,Q3,9.0,September,36.0,7.0,Saturday,1.0
20240908.0,2024-09-08,2024.0,Q3,9.0,September,36.0,8.0,Sunday,1.0
20240909.0,2024-09-09,2024.0,Q3,9.0,September,37.0,9.0,Monday,0.0
20240910.0,2024-09-10,2024.0,Q3,9.0,September,37.0,10.0,Tuesday,0.0
20240911.0,2024-09-11,2024.0,Q3,9.0,September,37.0,11.0,Wednesday,0.0
20240912.0,2024-09-12,2024.0,Q3,9.0,September,37.0,12.0,Thursday,0.0
20240913.0,2024-09-13,2024.0,Q3,9.0,September,37.0,13.0,Friday,0.0
20240914.0,2024-09-14,2024.0,Q3,9.0,September,37.0,14.0,Saturday,1.0
20240915.0,2024-09-15,2024.0,Q3,9.0,September,37.0,15.0,Sunday,1.0
20240916.0,2024-09-16,2024.0,Q3,9.0,September,38.0,16.0,Monday,0.0
20240917.0,2024-09-17,2024.0,Q3,9.0,September,38.0,17.0,Tuesday,0.0
20240918.0,2024-09-18,2024.0,Q3,9.0,September,38.0,18.0,Wednesday,0.0
20240919.0,2024-09-19,2024.0,Q3,9.0,September,38.0,19.0,Thursday,0.0
20240920.0,2024-09-20,2024.0,Q3,9.0,September,38.0,20.0,Friday,0.0
20240921.0,2024-09-21,2024.0,Q3,9.0,September,38.0,21.0,Saturday,1.0
20240922.0,2024-09-22,2024.0,Q3,9.0,September,38.0,22.0,Sunday,1.0
20240923.0,2024-09-23,2024.0,Q3,9.0,September,39.0,23.0,Monday,0.0
20240924.0,2024-09-24,2024.0,Q3,9.0,September,39.0,24.0,Tuesday,0.0
20240925.0,2024-09-25,2024.0,Q3,9.0,September,39.0,25.0,Wednesday,0.0
20240926.0,2024-09-26,2024.0,Q3,9.0,September,39.0,26.0,Thursday,0.0
20240927.0,2024-09-27,2024.0,Q3,9.0,September,39.0,27.0,Friday,0.0
20240928.0,2024-09-28,2024.0,Q3,9.0,September,39.0,28.0,Saturday,1.0
20240929.0,2024-09-29,2024.0,Q3,9.0,September,39.0,29.0,Sunday,1.0
20240930.0,2024-09-30,2024.0,Q3,9.0,September,40.0,30.0,Monday,0.0
20241001.0,2024-10-01,2024.0,Q4,10.0,October,40.0,1.0,Tuesday,0.0
20241002.0,2024-02-10,2024.0,Q4,10.0,October,40.0,2.0,Wednesday,0.0
20241003.0,2024-10-03,2024.0,Q4,10.0,October,40.0,3.0,Thursday,0.0
20241004.0,2024-10-04,2024.0,Q4,10.0,October,40.0,4.0,Friday,0.0
20241005.0,2024-10-05,2024.0,Q4,10.0,October,40.0,5.0,Saturday,1.0
20241006.0,2024-10-06,2024.0,Q4,10.0,October,40.0,6.0,Sunday,1.0
20241007.0,2024-10-07,2024.0,Q4,10.0,October,41.0,7.0,Monday,0.0
20241008.0,2024-10-08,2024.0,Q4,10.0,October,41.0,8.0,Tuesday,0.0
20241009.0,2024-10-09,2024.0,Q4,10.0,October,41.0,9.0,Wednesday,0.0
20241010.0,2024-10-10,2024.0,Q4,10.0,October,41.0,10.0,Thursday,0.0
20241011.0,2024-10-11,2024.0,Q4,10.0,October,41.0,11.0,Friday,0.0
20241012.0,2024-10-12,2024.0,Q4,10.0,October,41.0,12.0,Saturday,1.0
20241013.0,2024-10-13,2024.0,Q4,10.0,October,41.0,13.0,Sunday,1.0
20241014.0,2024-10-14,2024.0,Q4,10.0,October,42.0,14.0,Monday,0.0
20241015.0,2024-10-15,2024.0,Q4,10.0,October,42.0,15.0,Tuesday,0.0
20241016.0,2024-10-16,2024.0,Q4,10.0,October,42.0,16.0,Wednesday,0.0
20241017.0,2024-10-17,2024.0,Q4,10.0,October,42.0,17.0,Thursday,0.0
20241018.0,2024-10-18,2024.0,Q4,10.0,October,42.0,18.0,Friday,0.0
20241019.0,2024-10-19,2024.0,Q4,10.0,October,42.0,19.0,Saturday,1.0
20241020.0,2024-10-20,2024.0,Q4,10.0,October,42.0,20.0,Sunday,1.0
20241021.0,2024-10-21,2024.0,Q4,10.0,October,43.0,21.0,Monday,0.0
20241022.0,2024-10-22,2024.0,Q4,10.0,October,43.0,22.0,Tuesday,0.0
20241023.0,2024-10-23,2024.0,Q4,10.0,October,43.0,23.0,Wednesday,0.0
20241024.0,2024-10-24,2024.0,Q4,10.0,October,43.0,24.0,Thursday,0.0
20241025.0,2024-10-25,2024.0,Q4,10.0,October,43.0,25.0,Friday,0.0
20241026.0,2024-10-26,2024.0,Q4,10.0,October,43.0,26.0,Saturday,1.0
20241027.0,2024-10-27,2024.0,Q4,10.0,October,43.0,27.0,Sunday,1.0
20241028.0,2024-10-28,2024.0,Q4,10.0,October,44.0,28.0,Monday,0.0
20241029.0,2024-10-29,2024.0,Q4,10.0,October,44.0,29.0,Tuesday,0.0
20241030.0,2024-10-30,2024.0,Q4,10.0,October,44.0,30.0,Wednesday,0.0
20241031.0,2024-10-31,2024.0,Q4,10.0,October,44.0,31.0,Thursday,0.0
20241101.0,2024-11-01,2024.0,Q4,11.0,November,44.0,1.0,Friday,0.0
20241102.0,2024-11-02,2024.0,Q4,11.0,November,44.0,2.0,Saturday,1.0
20241103.0,2024-11-03,2024.0,Q4,11.0,November,44.0,3.0,Sunday,1.0
20241104.0,2024-11-04,2024.0,Q4,11.0,November,45.0,4.0,Monday,0.0
20241105.0,2024-11-05,2024.0,Q4,11.0,November,45.0,5.0,Tuesday,0.0
20241106.0,2024-11-06,2024.0,Q4,11.0,November,45.0,6.0,Wednesday,0.0
20241107.0,2024-11-07,2024.0,Q4,11.0,November,45.0,7.0,Thursday,0.0
20241108.0,2024-11-08,2024.0,Q4,11.0,November,45.0,8.0,Friday,0.0
20241109.0,2024-11-09,2024.0,Q4,11.0,November,45.0,9.0,Saturday,1.0
20241110.0,2024-11-10,2024.0,Q4,11.0,November,45.0,10.0,Sunday,1.0
20241111.0,2024-11-11,2024.0,Q4,11.0,November,46.0,11.0,Monday,0.0
20241112.0,2024-11-12,2024.0,Q4,11.0,November,46.0,12.0,Tuesday,0.0
20241113.0,2024-11-13,2024.0,Q4,11.0,November,46.0,13.0,Wednesday,0.0
20241114.0,2024-11-14,2024.0,Q4,11.0,November,46.0,14.0,Thursday,0.0
20241115.0,2024-11-15,2024.0,Q4,11.0,November,46.0,15.0,Friday,0.0
20241116.0,2024-11-16,2024.0,Q4,11.0,November,46.0,16.0,Saturday,1.0
20241117.0,2024-11-17,2024.0,Q4,11.0,November,46.0,17.0,Sunday,1.0
20241118.0,2024-11-18,2024.0,Q4,11.0,November,47.0,18.0,Monday,0.0
20241119.0,2024-11-19,2024.0,Q4,11.0,November,47.0,19.0,Tuesday,0.0
20241120.0,2024-11-20,2024.0,Q4,11.0,November,47.0,20.0,Wednesday,0.0
20241121.0,2024-11-21,2024.0,Q4,11.0,November,47.0,21.0,Thursday,0.0
20241122.0,2024-11-22,2024.0,Q4,11.0,November,47.0,22.0,Friday,0.0
20241123.0,2024-11-23,2024.0,Q4,11.0,November,47.0,23.0,Saturday,1.0
20241124.0,2024-11-24,2024.0,Q4,11.0,November,47.0,24.0,Sunday,1.0
20241125.0,2024-11-25,2024.0,Q4,11.0,November,48.0,25.0,Monday,0.0
20241126.0,2024-11-26,2024.0,Q4,11.0,November,48.0,26.0,Tuesday,0.0
20241127.0,2024-11-27,2024.0,Q4,11.0,November,48.0,27.0,Wednesday,0.0
20241128.0,2024-11-28,2024.0,Q4,11.0,November,48.0,28.0,Thursday,0.0
20241129.0,2024-11-29,2024.0,Q4,11.0,November,48.0,29.0,Friday,0.0
20241130.0,2024-11-30,2024.0,Q4,11.0,November,48.0,30.0,Saturday,1.0
20241201.0,2024-12-01,2024.0,Q4,12.0,December,48.0,1.0,Sunday,1.0
20241202.0,2024-12-02,2024.0,Q4,12.0,December,49.0,2.0,Monday,0.0
20241203.0,2024-12-03,2024.0,Q4,12.0,December,49.0,3.0,Tuesday,0.0
20241204.0,2024-12-04,2024.0,Q4,12.0,December,49.0,4.0,Wednesday,0.0
20241205.0,2024-12-05,2024.0,Q4,12.0,December,49.0,5.0,Thursday,0.0
20241206.0,2024-12-06,2024.0,Q4,12.0,December,49.0,6.0,Friday,0.0
20241207.0,2024-12-07,2024.0,Q4,12.0,December,49.0,7.0,Saturday,1.0
20241208.0,2024-12-08,2024.0,Q4,12.0,December,49.0,8.0,Sunday,1.0
20241209.0,2024-12-09,2024.0,Q4,12.0,December,50.0,9.0,Monday,0.0
20241210.0,2024-12-10,2024.0,Q4,12.0,December,50.0,10.0,Tuesday,0.0
20241211.0,2024-12-11,2024.0,Q4,12.0,December,50.0,11.0,Wednesday,0.0
20241212.0,2024-12-12,2024.0,Q4,12.0,December,50.0,12.0,Thursday,0.0
20241213.0,2024-12-13,2024.0,Q4,12.0,December,50.0,13.0,Friday,0.0
20241214.0,2024-12-14,2024.0,Q4,12.0,December,50.0,14.0,Saturday,1.0
20241215.0,2024-12-15,2024.0,Q4,12.0,December,50.0,15.0,Sunday,1.0
20241216.0,2024-12-16,2024.0,Q4,12.0,December,51.0,16.0,Monday,0.0
20241217.0,2024-12-17,2024.0,Q4,12.0,December,51.0,17.0,Tuesday,0.0
20241218.0,2024-12-18,2024.0,Q4,12.0,December,51.0,18.0,Wednesday,0.0
20241219.0,2024-12-19,2024.0,Q4,12.0,December,51.0,19.0,Thursday,0.0
20241220.0,2024-12-20,2024.0,Q4,12.0,December,51.0,20.0,Friday,0.0
20241221.0,2024-12-21,2024.0,Q4,12.0,December,51.0,21.0,Saturday,1.0
20241222.0,2024-12-22,2024.0,Q4,12.0,December,51.0,22.0,Sunday,1.0
20241223.0,2024-12-23,2024.0,Q4,12.0,December,52.0,23.0,Monday,0.0
20241224.0,2024-12-24,2024.0,Q4,12.0,December,52.0,24.0,Tuesday,0.0
20241225.0,2024-12-25,2024.0,Q4,12.0,December,52.0,25.0,Wednesday,0.0
20241226.0,2024-12-26,2024.0,Q4,12.0,December,52.0,26.0,Thursday,0.0
20241227.0,2024-12-27,2024.0,Q4,12.0,December,52.0,27.0,Friday,0.0
20241228.0,2024-12-28,2024.0,Q4,12.0,December,52.0,28.0,Saturday,1.0
20241229.0,2024-12-29,2024.0,Q4,12.0,December,52.0,29.0,Sunday,1.0
20241230.0,2024-12-30,2024.0,Q4,12.0,December,1.0,30.0,Monday,0.0
20241231.0,2024-12-31,2024.0,Q4,12.0,December,1.0,31.0,Tuesday,0.0
20250101.0,2025-01-01,2025.0,Q1,1.0,January,1.0,1.0,Wednesday,0.0
20250102.0,2025-01-02,2025.0,Q1,1.0,January,1.0,2.0,Thursday,0.0
20250103.0,2025-01-03,2025.0,Q1,1.0,January,1.0,3.0,Friday,0.0
20250104.0,2025-01-04,2025.0,Q1,1.0,January,1.0,4.0,Saturday,1.0
20250105.0,2025-01-05,2025.0,Q1,1.0,January,1.0,5.0,Sunday,1.0
20250106.0,2025-01-06,2025.0,Q1,1.0,January,2.0,6.0,Monday,0.0
20250107.0,2025-01-07,2025.0,Q1,1.0,January,2.0,7.0,Tuesday,0.0
20250108.0,2025-01-08,2025.0,Q1,1.0,January,2.0,8.0,Wednesday,0.0
20250109.0,2025-01-09,2025.0,Q1,1.0,January,2.0,9.0,Thursday,0.0
20250110.0,2025-10-01,2025.0,Q1,1.0,January,2.0,10.0,Friday,0.0
20250111.0,2025-01-11,2025.0,Q1,1.0,January,2.0,11.0,Saturday,1.0
20250112.0,2025-01-12,2025.0,Q1,1.0,January,2.0,12.0,Sunday,1.0
20250113.0,2025-01-13,2025.0,Q1,1.0,January,3.0,13.0,Monday,0.0
20250114.0,2025-01-14,2025.0,Q1,1.0,January,3.0,14.0,Tuesday,0.0
20250115.0,2025-01-15,2025.0,Q1,1.0,January,3.0,15.0,Wednesday,0.0
20250116.0,2025-01-16,2025.0,Q1,1.0,January,3.0,16.0,Thursday,0.0
20250117.0,2025-01-17,2025.0,Q1,1.0,January,3.0,17.0,Friday,0.0
20250118.0,2025-01-18,2025.0,Q1,1.0,January,3.0,18.0,Saturday,1.0
20250119.0,2025-01-19,2025.0,Q1,1.0,January,3.0,19.0,Sunday,1.0
20250120.0,2025-01-20,2025.0,Q1,1.0,January,4.0,20.0,Monday,0.0
20250121.0,2025-01-21,2025.0,Q1,1.0,January,4.0,21.0,Tuesday,0.0
20250122.0,2025-01-22,2025.0,Q1,1.0,January,4.0,22.0,Wednesday,0.0
20250123.0,2025-01-23,2025.0,Q1,1.0,January,4.0,23.0,Thursday,0.0
20250124.0,2025-01-24,2025.0,Q1,1.0,January,4.0,24.0,Friday,0.0
20250125.0,2025-01-25,2025.0,Q1,1.0,January,4.0,25.0,Saturday,1.0
20250126.0,2025-01-26,2025.0,Q1,1.0,January,4.0,26.0,Sunday,1.0
20250127.0,2025-01-27,2025.0,Q1,1.0,January,5.0,27.0,Monday,0.0
20250128.0,2025-01-28,2025.0,Q1,1.0,January,5.0,28.0,Tuesday,0.0
20250129.0,2025-01-29,2025.0,Q1,1.0,January,5.0,29.0,Wednesday,0.0
20250130.0,2025-01-30,2025.0,Q1,1.0,January,5.0,30.0,Thursday,0.0
20250131.0,2025-01-31,2025.0,Q1,1.0,January,5.0,31.0,Friday,0.0
20250201.0,2025-02-01,2025.0,Q1,2.0,February,5.0,1.0,Saturday,1.0
20250202.0,2025-02-02,2025.0,Q1,2.0,February,5.0,2.0,Sunday,1.0
20250203.0,2025-02-03,2025.0,Q1,2.0,February,6.0,3.0,Monday,0.0
20250204.0,2025-04-02,2025.0,Q1,2.0,February,6.0,4.0,Tuesday,0.0
20250205.0,2025-02-05,2025.0,Q1,2.0,February,6.0,5.0,Wednesday,0.0
20250206.0,2025-02-06,2025.0,Q1,2.0,February,6.0,6.0,Thursday,0.0
20250207.0,2025-02-07,2025.0,Q1,2.0,February,6.0,7.0,Friday,0.0
20250208.0,2025-02-08,2025.0,Q1,2.0,February,6.0,8.0,Saturday,1.0
20250209.0,2025-02-09,2025.0,Q1,2.0,February,6.0,9.0,Sunday,1.0
20250210.0,2025-02-10,2025.0,Q1,2.0,February,7.0,10.0,Monday,0.0
20250211.0,2025-02-11,2025.0,Q1,2.0,February,7.0,11.0,Tuesday,0.0
20250212.0,2025-02-12,2025.0,Q1,2.0,February,7.0,12.0,Wednesday,0.0
20250213.0,2025-02-13,2025.0,Q1,2.0,February,7.0,13.0,Thursday,0.0
20250214.0,2025-02-14,2025.0,Q1,2.0,February,7.0,14.0,Friday,0.0
20250215.0,2025-02-15,2025.0,Q1,2.0,February,7.0,15.0,Saturday,1.0
20250216.0,2025-02-16,2025.0,Q1,2.0,February,7.0,16.0,Sunday,1.0
20250217.0,2025-02-17,2025.0,Q1,2.0,February,8.0,17.0,Monday,0.0
20250218.0,2025-02-18,2025.0,Q1,2.0,February,8.0,18.0,Tuesday,0.0
20250219.0,2025-02-19,2025.0,Q1,2.0,February,8.0,19.0,Wednesday,0.0
20250220.0,2025-02-20,2025.0,Q1,2.0,February,8.0,20.0,Thursday,0.0
20250221.0,2025-02-21,2025.0,Q1,2.0,February,8.0,21.0,Friday,0.0
20250222.0,2025-02-22,2025.0,Q1,2.0,February,8.0,22.0,Saturday,1.0
20250223.0,2025-02-23,2025.0,Q1,2.0,February,8.0,23.0,Sunday,1.0
20250224.0,2025-02-24,2025.0,Q1,2.0,February,9.0,24.0,Monday,0.0
20250225.0,2025-02-25,2025.0,Q1,2.0,February,9.0,25.0,Tuesday,0.0
20250226.0,2025-02-26,2025.0,Q1,2.0,February,9.0,26.0,Wednesday,0.0
20250227.0,2025-02-27,2025.0,Q1,2.0,February,9.0,27.0,Thursday,0.0
20250228.0,2025-02-28,2025.0,Q1,2.0,February,9.0,28.0,Friday,0.0
20250301.0,2025-01-03,2025.0,Q1,3.0,March,9.0,1.0,Saturday,1.0
20250302.0,2025-03-02,2025.0,Q1,3.0,March,9.0,2.0,Sunday,1.0
20250303.0,2025-03-03,2025.0,Q1,3.0,March,10.0,3.0,Monday,0.0
20250304.0,2025-03-04,2025.0,Q1,3.0,March,10.0,4.0,Tuesday,0.0
20250305.0,2025-03-05,2025.0,Q1,3.0,March,10.0,5.0,Wednesday,0.0
20250306.0,2025-03-06,2025.0,Q1,3.0,March,10.0,6.0,Thursday,0.0
20250307.0,2025-03-07,2025.0,Q1,3.0,March,10.0,7.0,Friday,0.0
20250308.0,2025-03-08,2025.0,Q1,3.0,March,10.0,8.0,Saturday,1.0
20250309.0,2025-03-09,2025.0,Q1,3.0,March,10.0,9.0,Sunday,1.0
20250310.0,2025-03-10,2025.0,Q1,3.0,March,11.0,10.0,Monday,0.0
20250311.0,2025-03-11,2025.0,Q1,3.0,March,11.0,11.0,Tuesday,0.0
20250312.0,2025-03-12,2025.0,Q1,3.0,March,11.0,12.0,Wednesday,0.0
20250313.0,2025-03-13,2025.0,Q1,3.0,March,11.0,13.0,Thursday,0.0
20250314.0,2025-03-14,2025.0,Q1,3.0,March,11.0,14.0,Friday,0.0
20250315.0,2025-03-15,2025.0,Q1,3.0,March,11.0,15.0,Saturday,1.0
20250316.0,2025-03-16,2025.0,Q1,3.0,March,11.0,16.0,Sunday,1.0
20250317.0,2025-03-17,2025.0,Q1,3.0,March,12.0,17.0,Monday,0.0
20250318.0,2025-03-18,2025.0,Q1,3.0,March,12.0,18.0,Tuesday,0.0
20250319.0,2025-03-19,2025.0,Q1,3.0,March,12.0,19.0,Wednesday,0.0
20250320.0,2025-03-20,2025.0,Q1,3.0,March,12.0,20.0,Thursday,0.0
20250321.0,2025-03-21,2025.0,Q1,3.0,March,12.0,21.0,Friday,0.0
20250322.0,2025-03-22,2025.0,Q1,3.0,March,12.0,22.0,Saturday,1.0
20250323.0,2025-03-23,2025.0,Q1,3.0,March,12.0,23.0,Sunday,1.0
20250324.0,2025-03-24,2025.0,Q1,3.0,March,13.0,24.0,Monday,0.0
20250325.0,2025-03-25,2025.0,Q1,3.0,March,13.0,25.0,Tuesday,0.0
20250326.0,2025-03-26,2025.0,Q1,3.0,March,13.0,26.0,Wednesday,0.0
20250327.0,2025-03-27,2025.0,Q1,3.0,March,13.0,27.0,Thursday,0.0
20250328.0,2025-03-28,2025.0,Q1,3.0,March,13.0,28.0,Friday,0.0
20250329.0,2025-03-29,2025.0,Q1,3.0,March,13.0,29.0,Saturday,1.0
20250330.0,2025-03-30,2025.0,Q1,3.0,March,13.0,30.0,Sunday,1.0
20250331.0,2025-03-31,2025.0,Q1,3.0,March,14.0,31.0,Monday,0.0
20250401.0,2025-04-01,2025.0,Q2,4.0,April,14.0,1.0,Tuesday,0.0
20250402.0,2025-04-02,2025.0,Q2,4.0,April,14.0,2.0,Wednesday,0.0
20250403.0,2025-04-03,2025.0,Q2,4.0,April,14.0,3.0,Thursday,0.0
20250404.0,2025-04-04,2025.0,Q2,4.0,April,14.0,4.0,Friday,0.0
20250405.0,2025-04-05,2025.0,Q2,4.0,April,14.0,5.0,Saturday,1.0
20250406.0,2025-04-06,2025.0,Q2,4.0,April,14.0,6.0,Sunday,1.0
20250407.0,2025-04-07,2025.0,Q2,4.0,April,15.0,7.0,Monday,0.0
20250408.0,2025-04-08,2025.0,Q2,4.0,April,15.0,8.0,Tuesday,0.0
20250409.0,2025-04-09,2025.0,Q2,4.0,April,15.0,9.0,Wednesday,0.0
20250410.0,2025-04-10,2025.0,Q2,4.0,April,15.0,10.0,Thursday,0.0
20250411.0,2025-04-11,2025.0,Q2,4.0,April,15.0,11.0,Friday,0.0
20250412.0,2025-04-12,2025.0,Q2,4.0,April,15.0,12.0,Saturday,1.0
20250413.0,2025-04-13,2025.0,Q2,4.0,April,15.0,13.0,Sunday,1.0
20250414.0,2025-04-14,2025.0,Q2,4.0,April,16.0,14.0,Monday,0.0
20250415.0,2025-04-15,2025.0,Q2,4.0,April,16.0,15.0,Tuesday,0.0
20250416.0,2025-04-16,2025.0,Q2,4.0,April,16.0,16.0,Wednesday,0.0
20250417.0,2025-04-17,2025.0,Q2,4.0,April,16.0,17.0,Thursday,0.0
20250418.0,2025-04-18,2025.0,Q2,4.0,April,16.0,18.0,Friday,0.0
20250419.0,2025-04-19,2025.0,Q2,4.0,April,16.0,19.0,Saturday,1.0
20250420.0,2025-04-20,2025.0,Q2,4.0,April,16.0,20.0,Sunday,1.0
20250421.0,2025-04-21,2025.0,Q2,4.0,April,17.0,21.0,Monday,0.0
20250422.0,2025-04-22,2025.0,Q2,4.0,April,17.0,22.0,Tuesday,0.0
20250423.0,2025-04-23,2025.0,Q2,4.0,April,17.0,23.0,Wednesday,0.0
20250424.0,2025-04-24,2025.0,Q2,4.0,April,17.0,24.0,Thursday,0.0
20250425.0,2025-04-25,2025.0,Q2,4.0,April,17.0,25.0,Friday,0.0
20250426.0,2025-04-26,2025.0,Q2,4.0,April,17.0,26.0,Saturday,1.0
20250427.0,2025-04-27,2025.0,Q2,4.0,April,17.0,27.0,Sunday,1.0
20250428.0,2025-04-28,2025.0,Q2,4.0,April,18.0,28.0,Monday,0.0
20250429.0,2025-04-29,2025.0,Q2,4.0,April,18.0,29.0,Tuesday,0.0
20250430.0,2025-04-30,2025.0,Q2,4.0,April,18.0,30.0,Wednesday,0.0
20250501.0,2025-05-01,2025.0,Q2,5.0,May,18.0,1.0,Thursday,0.0
20250502.0,2025-05-02,2025.0,Q2,5.0,May,18.0,2.0,Friday,0.0
20250503.0,2025-05-03,2025.0,Q2,5.0,May,18.0,3.0,Saturday,1.0
20250504.0,2025-05-04,2025.0,Q2,5.0,May,18.0,4.0,Sunday,1.0
20250505.0,2025-05-05,2025.0,Q2,5.0,May,19.0,5.0,Monday,0.0
20250506.0,2025-05-06,2025.0,Q2,5.0,May,19.0,6.0,Tuesday,0.0
20250507.0,2025-05-07,2025.0,Q2,5.0,May,19.0,7.0,Wednesday,0.0
20250508.0,2025-05-08,2025.0,Q2,5.0,May,19.0,8.0,Thursday,0.0
20250509.0,2025-05-09,2025.0,Q2,5.0,May,19.0,9.0,Friday,0.0
20250510.0,2025-05-10,2025.0,Q2,5.0,May,19.0,10.0,Saturday,1.0
20250511.0,2025-05-11,2025.0,Q2,5.0,May,19.0,11.0,Sunday,1.0
20250512.0,2025-05-12,2025.0,Q2,5.0,May,20.0,12.0,Monday,0.0
20250513.0,2025-05-13,2025.0,Q2,5.0,May,20.0,13.0,Tuesday,0.0
20250514.0,2025-05-14,2025.0,Q2,5.0,May,20.0,14.0,Wednesday,0.0
20250515.0,2025-05-15,2025.0,Q2,5.0,May,20.0,15.0,Thursday,0.0
20250516.0,2025-05-16,2025.0,Q2,5.0,May,20.0,16.0,Friday,0.0
20250517.0,2025-05-17,2025.0,Q2,5.0,May,20.0,17.0,Saturday,1.0
20250518.0,2025-05-18,2025.0,Q2,5.0,May,20.0,18.0,Sunday,1.0
20250519.0,2025-05-19,2025.0,Q2,5.0,May,21.0,19.0,Monday,0.0
20250520.0,2025-05-20,2025.0,Q2,5.0,May,21.0,20.0,Tuesday,0.0
20250521.0,2025-05-21,2025.0,Q2,5.0,May,21.0,21.0,Wednesday,0.0
20250522.0,2025-05-22,2025.0,Q2,5.0,May,21.0,22.0,Thursday,0.0
20250523.0,2025-05-23,2025.0,Q2,5.0,May,21.0,23.0,Friday,0.0
20250524.0,2025-05-24,2025.0,Q2,5.0,May,21.0,24.0,Saturday,1.0
20250525.0,2025-05-25,2025.0,Q2,5.0,May,21.0,25.0,Sunday,1.0
20250526.0,2025-05-26,2025.0,Q2,5.0,May,22.0,26.0,Monday,0.0
20250527.0,2025-05-27,2025.0,Q2,5.0,May,22.0,27.0,Tuesday,0.0
20250528.0,2025-05-28,2025.0,Q2,5.0,May,22.0,28.0,Wednesday,0.0
20250529.0,2025-05-29,2025.0,Q2,5.0,May,22.0,29.0,Thursday,0.0
20250530.0,2025-05-30,2025.0,Q2,5.0,May,22.0,30.0,Friday,0.0
20250531.0,2025-05-31,2025.0,Q2,5.0,May,22.0,31.0,Saturday,1.0
20250601.0,2025-06-01,2025.0,Q2,6.0,June,22.0,1.0,Sunday,1.0
20250602.0,2025-06-02,2025.0,Q2,6.0,June,23.0,2.0,Monday,0.0
20250603.0,2025-06-03,2025.0,Q2,6.0,June,23.0,3.0,Tuesday,0.0
20250604.0,2025-06-04,2025.0,Q2,6.0,June,23.0,4.0,Wednesday,0.0
20250605.0,2025-06-05,2025.0,Q2,6.0,June,23.0,5.0,Thursday,0.0
20250606.0,2025-06-06,2025.0,Q2,6.0,June,23.0,6.0,Friday,0.0
20250607.0,2025-06-07,2025.0,Q2,6.0,June,23.0,7.0,Saturday,1.0
20250608.0,2025-06-08,2025.0,Q2,6.0,June,23.0,8.0,Sunday,1.0
20250609.0,2025-09-06,2025.0,Q2,6.0,June,24.0,9.0,Monday,0.0
20250610.0,2025-06-10,2025.0,Q2,6.0,June,24.0,10.0,Tuesday,0.0
20250611.0,2025-06-11,2025.0,Q2,6.0,June,24.0,11.0,Wednesday,0.0
20250612.0,2025-06-12,2025.0,Q2,6.0,June,24.0,12.0,Thursday,0.0
20250613.0,2025-06-13,2025.0,Q2,6.0,June,24.0,13.0,Friday,0.0
20250614.0,2025-06-14,2025.0,Q2,6.0,June,24.0,14.0,Saturday,1.0
20250615.0,2025-06-15,2025.0,Q2,6.0,June,24.0,15.0,Sunday,1.0
20250616.0,2025-06-16,2025.0,Q2,6.0,June,25.0,16.0,Monday,0.0
20250617.0,2025-06-17,2025.0,Q2,6.0,June,25.0,17.0,Tuesday,0.0
20250618.0,2025-06-18,2025.0,Q2,6.0,June,25.0,18.0,Wednesday,0.0
20250619.0,2025-06-19,2025.0,Q2,6.0,June,25.0,19.0,Thursday,0.0
20250620.0,2025-06-20,2025.0,Q2,6.0,June,25.0,20.0,Friday,0.0
20250621.0,2025-06-21,2025.0,Q2,6.0,June,25.0,21.0,Saturday,1.0
20250622.0,2025-06-22,2025.0,Q2,6.0,June,25.0,22.0,Sunday,1.0
20250623.0,2025-06-23,2025.0,Q2,6.0,June,26.0,23.0,Monday,0.0
20250624.0,2025-06-24,2025.0,Q2,6.0,June,26.0,24.0,Tuesday,0.0
20250625.0,2025-06-25,2025.0,Q2,6.0,June,26.0,25.0,Wednesday,0.0
20250626.0,2025-06-26,2025.0,Q2,6.0,June,26.0,26.0,Thursday,0.0
20250627.0,2025-06-27,2025.0,Q2,6.0,June,26.0,27.0,Friday,0.0
20250628.0,2025-06-28,2025.0,Q2,6.0,June,26.0,28.0,Saturday,1.0
20250629.0,2025-06-29,2025.0,Q2,6.0,June,26.0,29.0,Sunday,1.0
20250630.0,2025-06-30,2025.0,Q2,6.0,June,27.0,30.0,Monday,0.0
20250701.0,2025-07-01,2025.0,Q3,7.0,July,27.0,1.0,Tuesday,0.0
20250702.0,2025-07-02,2025.0,Q3,7.0,July,27.0,2.0,Wednesday,0.0
20250703.0,2025-07-03,2025.0,Q3,7.0,July,27.0,3.0,Thursday,0.0
20250704.0,2025-04-07,2025.0,Q3,7.0,July,27.0,4.0,Friday,0.0
20250705.0,2025-07-05,2025.0,Q3,7.0,July,27.0,5.0,Saturday,1.0
20250706.0,2025-07-06,2025.0,Q3,7.0,July,27.0,6.0,Sunday,1.0
20250707.0,2025-07-07,2025.0,Q3,7.0,July,28.0,7.0,Monday,0.0
20250708.0,2025-07-08,2025.0,Q3,7.0,July,28.0,8.0,Tuesday,0.0
20250709.0,2025-07-09,2025.0,Q3,7.0,July,28.0,9.0,Wednesday,0.0
20250710.0,2025-07-10,2025.0,Q3,7.0,July,28.0,10.0,Thursday,0.0
20250711.0,2025-07-11,2025.0,Q3,7.0,July,28.0,11.0,Friday,0.0
20250712.0,2025-07-12,2025.0,Q3,7.0,July,28.0,12.0,Saturday,1.0
20250713.0,2025-07-13,2025.0,Q3,7.0,July,28.0,13.0,Sunday,1.0
20250714.0,2025-07-14,2025.0,Q3,7.0,July,29.0,14.0,Monday,0.0
20250715.0,2025-07-15,2025.0,Q3,7.0,July,29.0,15.0,Tuesday,0.0
20250716.0,2025-07-16,2025.0,Q3,7.0,July,29.0,16.0,Wednesday,0.0
20250717.0,2025-07-17,2025.0,Q3,7.0,July,29.0,17.0,Thursday,0.0
20250718.0,2025-07-18,2025.0,Q3,7.0,July,29.0,18.0,Friday,0.0
20250719.0,2025-07-19,2025.0,Q3,7.0,July,29.0,19.0,Saturday,1.0
20250720.0,2025-07-20,2025.0,Q3,7.0,July,29.0,20.0,Sunday,1.0
20250721.0,2025-07-21,2025.0,Q3,7.0,July,30.0,21.0,Monday,0.0
20250722.0,2025-07-22,2025.0,Q3,7.0,July,30.0,22.0,Tuesday,0.0
20250723.0,2025-07-23,2025.0,Q3,7.0,July,30.0,23.0,Wednesday,0.0
20250724.0,2025-07-24,2025.0,Q3,7.0,July,30.0,24.0,Thursday,0.0
20250725.0,2025-07-25,2025.0,Q3,7.0,July,30.0,25.0,Friday,0.0
20250726.0,2025-07-26,2025.0,Q3,7.0,July,30.0,26.0,Saturday,1.0
20250727.0,2025-07-27,2025.0,Q3,7.0,July,30.0,27.0,Sunday,1.0
20250728.0,2025-07-28,2025.0,Q3,7.0,July,31.0,28.0,Monday,0.0
20250729.0,2025-07-29,2025.0,Q3,7.0,July,31.0,29.0,Tuesday,0.0
20250730.0,2025-07-30,2025.0,Q3,7.0,July,31.0,30.0,Wednesday,0.0
20250731.0,2025-07-31,2025.0,Q3,7.0,July,31.0,31.0,Thursday,0.0
20250801.0,2025-08-01,2025.0,Q3,8.0,August,31.0,1.0,Friday,0.0
20250802.0,2025-08-02,2025.0,Q3,8.0,August,31.0,2.0,Saturday,1.0
20250803.0,2025-08-03,2025.0,Q3,8.0,August,31.0,3.0,Sunday,1.0
20250804.0,2025-08-04,2025.0,Q3,8.0,August,32.0,4.0,Monday,0.0
20250805.0,2025-08-05,2025.0,Q3,8.0,August,32.0,5.0,Tuesday,0.0
20250806.0,2025-08-06,2025.0,Q3,8.0,August,32.0,6.0,Wednesday,0.0
20250807.0,2025-08-07,2025.0,Q3,8.0,August,32.0,7.0,Thursday,0.0
20250808.0,2025-08-08,2025.0,Q3,8.0,August,32.0,8.0,Friday,0.0
20250809.0,2025-08-09,2025.0,Q3,8.0,August,32.0,9.0,Saturday,1.0
20250810.0,2025-08-10,2025.0,Q3,8.0,August,32.0,10.0,Sunday,1.0
20250811.0,2025-08-11,2025.0,Q3,8.0,August,33.0,11.0,Monday,0.0
20250812.0,2025-08-12,2025.0,Q3,8.0,August,33.0,12.0,Tuesday,0.0
20250813.0,2025-08-13,2025.0,Q3,8.0,August,33.0,13.0,Wednesday,0.0
20250814.0,2025-08-14,2025.0,Q3,8.0,August,33.0,14.0,Thursday,0.0
20250815.0,2025-08-15,2025.0,Q3,8.0,August,33.0,15.0,Friday,0.0
20250816.0,2025-08-16,2025.0,Q3,8.0,August,33.0,16.0,Saturday,1.0
20250817.0,2025-08-17,2025.0,Q3,8.0,August,33.0,17.0,Sunday,1.0
20250818.0,2025-08-18,2025.0,Q3,8.0,August,34.0,18.0,Monday,0.0
20250819.0,2025-08-19,2025.0,Q3,8.0,August,34.0,19.0,Tuesday,0.0
20250820.0,2025-08-20,2025.0,Q3,8.0,August,34.0,20.0,Wednesday,0.0
20250821.0,2025-08-21,2025.0,Q3,8.0,August,34.0,21.0,Thursday,0.0
20250822.0,2025-08-22,2025.0,Q3,8.0,August,34.0,22.0,Friday,0.0
20250823.0,2025-08-23,2025.0,Q3,8.0,August,34.0,23.0,Saturday,1.0
20250824.0,2025-08-24,2025.0,Q3,8.0,August,34.0,24.0,Sunday,1.0
20250825.0,2025-08-25,2025.0,Q3,8.0,August,35.0,25.0,Monday,0.0
20250826.0,2025-08-26,2025.0,Q3,8.0,August,35.0,26.0,Tuesday,0.0
20250827.0,2025-08-27,2025.0,Q3,8.0,August,35.0,27.0,Wednesday,0.0
20250828.0,2025-08-28,2025.0,Q3,8.0,August,35.0,28.0,Thursday,0.0
20250829.0,2025-08-29,2025.0,Q3,8.0,August,35.0,29.0,Friday,0.0
20250830.0,2025-08-30,2025.0,Q3,8.0,August,35.0,30.0,Saturday,1.0
20250831.0,2025-08-31,2025.0,Q3,8.0,August,35.0,31.0,Sunday,1.0
20250901.0,2025-09-01,2025.0,Q3,9.0,September,36.0,1.0,Monday,0.0
20250902.0,2025-09-02,2025.0,Q3,9.0,September,36.0,2.0,Tuesday,0.0
20250903.0,2025-09-03,2025.0,Q3,9.0,September,36.0,3.0,Wednesday,0.0
20250904.0,2025-09-04,2025.0,Q3,9.0,September,36.0,4.0,Thursday,0.0
20250905.0,2025-09-05,2025.0,Q3,9.0,September,36.0,5.0,Friday,0.0
20250906.0,2025-09-06,2025.0,Q3,9.0,September,36.0,6.0,Saturday,1.0
20250907.0,2025-09-07,2025.0,Q3,9.0,September,36.0,7.0,Sunday,1.0
20250908.0,2025-09-08,2025.0,Q3,9.0,September,37.0,8.0,Monday,0.0
20250909.0,2025-09-09,2025.0,Q3,9.0,September,37.0,9.0,Tuesday,0.0
20250910.0,2025-09-10,2025.0,Q3,9.0,September,37.0,10.0,Wednesday,0.0
20250911.0,2025-09-11,2025.0,Q3,9.0,September,37.0,11.0,Thursday,0.0
20250912.0,2025-09-12,2025.0,Q3,9.0,September,37.0,12.0,Friday,0.0
20250913.0,2025-09-13,2025.0,Q3,9.0,September,37.0,13.0,Saturday,1.0
20250914.0,2025-09-14,2025.0,Q3,9.0,September,37.0,14.0,Sunday,1.0
20250915.0,2025-09-15,2025.0,Q3,9.0,September,38.0,15.0,Monday,0.0
20250916.0,2025-09-16,2025.0,Q3,9.0,September,38.0,16.0,Tuesday,0.0
20250917.0,2025-09-17,2025.0,Q3,9.0,September,38.0,17.0,Wednesday,0.0
20250918.0,2025-09-18,2025.0,Q3,9.0,September,38.0,18.0,Thursday,0.0
20250919.0,2025-09-19,2025.0,Q3,9.0,September,38.0,19.0,Friday,0.0
20250920.0,2025-09-20,2025.0,Q3,9.0,September,38.0,20.0,Saturday,1.0
20250921.0,2025-09-21,2025.0,Q3,9.0,September,38.0,21.0,Sunday,1.0
20250922.0,2025-09-22,2025.0,Q3,9.0,September,39.0,22.0,Monday,0.0
20250923.0,2025-09-23,2025.0,Q3,9.0,September,39.0,23.0,Tuesday,0.0
20250924.0,2025-09-24,2025.0,Q3,9.0,September,39.0,24.0,Wednesday,0.0
20250925.0,2025-09-25,2025.0,Q3,9.0,September,39.0,25.0,Thursday,0.0
20250926.0,2025-09-26,2025.0,Q3,9.0,September,39.0,26.0,Friday,0.0
20250927.0,2025-09-27,2025.0,Q3,9.0,September,39.0,27.0,Saturday,1.0
20250928.0,2025-09-28,2025.0,Q3,9.0,September,39.0,28.0,Sunday,1.0
20250929.0,2025-09-29,2025.0,Q3,9.0,September,40.0,29.0,Monday,0.0
20250930.0,2025-09-30,2025.0,Q3,9.0,September,40.0,30.0,Tuesday,0.0
20251001.0,2025-10-01,2025.0,Q4,10.0,October,40.0,1.0,Wednesday,0.0
20251002.0,2025-10-02,2025.0,Q4,10.0,October,40.0,2.0,Thursday,0.0
20251003.0,2025-10-03,2025.0,Q4,10.0,October,40.0,3.0,Friday,0.0
20251004.0,2025-10-04,2025.0,Q4,10.0,October,40.0,4.0,Saturday,1.0
20251005.0,2025-10-05,2025.0,Q4,10.0,October,40.0,5.0,Sunday,1.0
20251006.0,2025-10-06,2025.0,Q4,10.0,October,41.0,6.0,Monday,0.0
20251007.0,2025-10-07,2025.0,Q4,10.0,October,41.0,7.0,Tuesday,0.0
20251008.0,2025-10-08,2025.0,Q4,10.0,October,41.0,8.0,Wednesday,0.0
20251009.0,2025-10-09,2025.0,Q4,10.0,October,41.0,9.0,Thursday,0.0
20251010.0,2025-10-10,2025.0,Q4,10.0,October,41.0,10.0,Friday,0.0
20251011.0,2025-10-11,2025.0,Q4,10.0,October,41.0,11.0,Saturday,1.0
20251012.0,2025-12-10,2025.0,Q4,10.0,October,41.0,12.0,Sunday,1.0
20251013.0,2025-10-13,2025.0,Q4,10.0,October,42.0,13.0,Monday,0.0
20251014.0,2025-10-14,2025.0,Q4,10.0,October,42.0,14.0,Tuesday,0.0
20251015.0,2025-10-15,2025.0,Q4,10.0,October,42.0,15.0,Wednesday,0.0
20251016.0,2025-10-16,2025.0,Q4,10.0,October,42.0,16.0,Thursday,0.0
20251017.0,2025-10-17,2025.0,Q4,10.0,October,42.0,17.0,Friday,0.0
20251018.0,2025-10-18,2025.0,Q4,10.0,October,42.0,18.0,Saturday,1.0
20251019.0,2025-10-19,2025.0,Q4,10.0,October,42.0,19.0,Sunday,1.0
20251020.0,2025-10-20,2025.0,Q4,10.0,October,43.0,20.0,Monday,0.0
20251021.0,2025-10-21,2025.0,Q4,10.0,October,43.0,21.0,Tuesday,0.0
20251022.0,2025-10-22,2025.0,Q4,10.0,October,43.0,22.0,Wednesday,0.0
20251023.0,2025-10-23,2025.0,Q4,10.0,October,43.0,23.0,Thursday,0.0
20251024.0,2025-10-24,2025.0,Q4,10.0,October,43.0,24.0,Friday,0.0
20251025.0,2025-10-25,2025.0,Q4,10.0,October,43.0,25.0,Saturday,1.0
20251026.0,2025-10-26,2025.0,Q4,10.0,October,43.0,26.0,Sunday,1.0
20251027.0,2025-10-27,2025.0,Q4,10.0,October,44.0,27.0,Monday,0.0
20251028.0,2025-10-28,2025.0,Q4,10.0,October,44.0,28.0,Tuesday,0.0
20251029.0,2025-10-29,2025.0,Q4,10.0,October,44.0,29.0,Wednesday,0.0
20251030.0,2025-10-30,2025.0,Q4,10.0,October,44.0,30.0,Thursday,0.0
20251031.0,2025-10-31,2025.0,Q4,10.0,October,44.0,31.0,Friday,0.0
20251101.0,2025-11-01,2025.0,Q4,11.0,November,44.0,1.0,Saturday,1.0
20251102.0,2025-11-02,2025.0,Q4,11.0,November,44.0,2.0,Sunday,1.0
20251103.0,2025-11-03,2025.0,Q4,11.0,November,45.0,3.0,Monday,0.0
20251104.0,2025-11-04,2025.0,Q4,11.0,November,45.0,4.0,Tuesday,0.0
20251105.0,2025-11-05,2025.0,Q4,11.0,November,45.0,5.0,Wednesday,0.0
20251106.0,2025-06-11,2025.0,Q4,11.0,November,45.0,6.0,Thursday,0.0
20251107.0,2025-11-07,2025.0,Q4,11.0,November,45.0,7.0,Friday,0.0
20251108.0,2025-11-08,2025.0,Q4,11.0,November,45.0,8.0,Saturday,1.0
20251109.0,2025-11-09,2025.0,Q4,11.0,November,45.0,9.0,Sunday,1.0
20251110.0,2025-11-10,2025.0,Q4,11.0,November,46.0,10.0,Monday,0.0
20251111.0,2025-11-11,2025.0,Q4,11.0,November,46.0,11.0,Tuesday,0.0
20251112.0,2025-11-12,2025.0,Q4,11.0,November,46.0,12.0,Wednesday,0.0
20251113.0,2025-11-13,2025.0,Q4,11.0,November,46.0,13.0,Thursday,0.0
20251114.0,2025-11-14,2025.0,Q4,11.0,November,46.0,14.0,Friday,0.0
20251115.0,2025-11-15,2025.0,Q4,11.0,November,46.0,15.0,Saturday,1.0
20251116.0,2025-11-16,2025.0,Q4,11.0,November,46.0,16.0,Sunday,1.0
20251117.0,2025-11-17,2025.0,Q4,11.0,November,47.0,17.0,Monday,0.0
20251118.0,2025-11-18,2025.0,Q4,11.0,November,47.0,18.0,Tuesday,0.0
20251119.0,2025-11-19,2025.0,Q4,11.0,November,47.0,19.0,Wednesday,0.0
20251120.0,2025-11-20,2025.0,Q4,11.0,November,47.0,20.0,Thursday,0.0
20251121.0,2025-11-21,2025.0,Q4,11.0,November,47.0,21.0,Friday,0.0
20251122.0,2025-11-22,2025.0,Q4,11.0,November,47.0,22.0,Saturday,1.0
20251123.0,2025-11-23,2025.0,Q4,11.0,November,47.0,23.0,Sunday,1.0
20251124.0,2025-11-24,2025.0,Q4,11.0,November,48.0,24.0,Monday,0.0
20251125.0,2025-11-25,2025.0,Q4,11.0,November,48.0,25.0,Tuesday,0.0
20251126.0,2025-11-26,2025.0,Q4,11.0,November,48.0,26.0,Wednesday,0.0
20251127.0,2025-11-27,2025.0,Q4,11.0,November,48.0,27.0,Thursday,0.0
20251128.0,2025-11-28,2025.0,Q4,11.0,November,48.0,28.0,Friday,0.0
20251129.0,2025-11-29,2025.0,Q4,11.0,November,48.0,29.0,Saturday,1.0
20251130.0,2025-11-30,2025.0,Q4,11.0,November,48.0,30.0,Sunday,1.0
20251201.0,2025-01-12,2025.0,Q4,12.0,December,49.0,1.0,Monday,0.0
20251202.0,2025-12-02,2025.0,Q4,12.0,December,49.0,2.0,Tuesday,0.0
20251203.0,2025-12-03,2025.0,Q4,12.0,December,49.0,3.0,Wednesday,0.0
20251204.0,2025-12-04,2025.0,Q4,12.0,December,49.0,4.0,Thursday,0.0
20251205.0,2025-12-05,2025.0,Q4,12.0,December,49.0,5.0,Friday,0.0
20251206.0,2025-12-06,2025.0,Q4,12.0,December,49.0,6.0,Saturday,1.0
20251207.0,2025-12-07,2025.0,Q4,12.0,December,49.0,7.0,Sunday,1.0
20251208.0,2025-12-08,2025.0,Q4,12.0,December,50.0,8.0,Monday,0.0
20251209.0,2025-12-09,2025.0,Q4,12.0,December,50.0,9.0,Tuesday,0.0
20251210.0,2025-12-10,2025.0,Q4,12.0,December,50.0,10.0,Wednesday,0.0
20251211.0,2025-12-11,2025.0,Q4,12.0,December,50.0,11.0,Thursday,0.0
20251212.0,2025-12-12,2025.0,Q4,12.0,December,50.0,12.0,Friday,0.0
20251213.0,2025-12-13,2025.0,Q4,12.0,December,50.0,13.0,Saturday,1.0
20251214.0,2025-12-14,2025.0,Q4,12.0,December,50.0,14.0,Sunday,1.0
20251215.0,2025-12-15,2025.0,Q4,12.0,December,51.0,15.0,Monday,0.0
20251216.0,2025-12-16,2025.0,Q4,12.0,December,51.0,16.0,Tuesday,0.0
20251217.0,2025-12-17,2025.0,Q4,12.0,December,51.0,17.0,Wednesday,0.0
20251218.0,2025-12-18,2025.0,Q4,12.0,December,51.0,18.0,Thursday,0.0
20251219.0,2025-12-19,2025.0,Q4,12.0,December,51.0,19.0,Friday,0.0
20251220.0,2025-12-20,2025.0,Q4,12.0,December,51.0,20.0,Saturday,1.0
20251221.0,2025-12-21,2025.0,Q4,12.0,December,51.0,21.0,Sunday,1.0
20251222.0,2025-12-22,2025.0,Q4,12.0,December,52.0,22.0,Monday,0.0
20251223.0,2025-12-23,2025.0,Q4,12.0,December,52.0,23.0,Tuesday,0.0
20251224.0,2025-12-24,2025.0,Q4,12.0,December,52.0,24.0,Wednesday,0.0
20251225.0,2025-12-25,2025.0,Q4,12.0,December,52.0,25.0,Thursday,0.0
20251226.0,2025-12-26,2025.0,Q4,12.0,December,52.0,26.0,Friday,0.0
20251227.0,2025-12-27,2025.0,Q4,12.0,December,52.0,27.0,Saturday,1.0
20251228.0,2025-12-28,2025.0,Q4,12.0,December,52.0,28.0,Sunday,1.0
20251229.0,2025-12-29,2025.0,Q4,12.0,December,1.0,29.0,Monday,0.0
20251230.0,2025-12-30,2025.0,Q4,12.0,December,1.0,30.0,Tuesday,0.0
20251231.0,2025-12-31,2025.0,Q4,12.0,December,1.0,31.0,Wednesday,0.0
,,,,,,,,,
