DateKey,Date,BaseCurrency,QuoteCurrency,Rate
DateKey,Date,Base,Quote,Rate
20240101,2024-01-01 00:00:00,EUR,USD,1.0571
20240101,2024-01-01 00:00:00,EUR,GBP,0.8711
20240102,2024-01-02 00:00:00,EUR,USD,1.0548
20240102,2024-01-02 00:00:00,EUR,GBP,0.8831
20240103,2024-01-03 00:00:00,EUR,USD,1.0602
20240103,2024-01-03 00:00:00,EUR,GBP,0.8829
20240104,2024-01-04 00:00:00,EUR,USD,1.0506
20240104,2024-01-04 00:00:00,EUR,GBP,0.8851
20240105,2024-01-05 00:00:00,EUR,USD,1.062
20240105,2024-01-05 00:00:00,EUR,GBP,0.8791
20240106,2024-01-06 00:00:00,EUR,USD,1.0601
20240106,2024-01-06 00:00:00,EUR,GBP,0.8857
20240107,2024-01-07 00:00:00,EUR,USD,1.0651
20240107,2024-01-07 00:00:00,EUR,GBP,0.8788
20240108,2024-01-08 00:00:00,EUR,USD,1.0589
20240108,2024-01-08 00:00:00,EUR,GBP,0.8767
20240109,2024-01-09 00:00:00,EUR,USD,1.0605
20240109,2024-01-09 00:00:00,EUR,GBP,0.87
20240110,2024-01-10 00:00:00,EUR,USD,1.0675
20240110,2024-01-10 00:00:00,EUR,GBP,0.8693
20240111,2024-01-11 00:00:00,EUR,USD,1.0648
20240111,2024-01-11 00:00:00,EUR,GBP,0.8743
20240112,2024-01-12 00:00:00,EUR,USD,1.0622
20240112,2024-01-12 00:00:00,EUR,GBP,0.8788
20240113,2024-01-13 00:00:00,EUR,USD,1.0704
20240113,2024-01-13 00:00:00,EUR,GBP,0.8647
20240114,2024-01-14 00:00:00,EUR,USD,1.0767
20240114,2024-01-14 00:00:00,EUR,GBP,0.88
20240115,2024-01-15 00:00:00,EUR,USD,1.0749
20240115,2024-01-15 00:00:00,EUR,GBP,0.8744
20240116,2024-01-16 00:00:00,EUR,USD,1.077
20240116,2024-01-16 00:00:00,EUR,GBP,0.8732
20240117,2024-01-17 00:00:00,EUR,USD,1.0741
20240117,2024-01-17 00:00:00,EUR,GBP,0.8668
20240118,2024-01-18 00:00:00,EUR,USD,1.073
20240118,2024-01-18 00:00:00,EUR,GBP,0.8691
20240119,2024-01-19 00:00:00,EUR,USD,1.0828
20240119,2024-01-19 00:00:00,EUR,GBP,0.87
20240120,2024-01-20 00:00:00,EUR,USD,1.0788
20240120,2024-01-20 00:00:00,EUR,GBP,0.8654
20240121,2024-01-21 00:00:00,EUR,USD,1.0812
20240121,2024-01-21 00:00:00,EUR,GBP,0.8629
20240122,2024-01-22 00:00:00,EUR,USD,1.0738
20240122,2024-01-22 00:00:00,EUR,GBP,0.8628
20240123,2024-01-23 00:00:00,EUR,USD,1.0832
20240123,2024-01-23 00:00:00,EUR,GBP,0.8621
20240124,2024-01-24 00:00:00,EUR,USD,1.0832
20240124,2024-01-24 00:00:00,EUR,GBP,0.862
20240125,2024-01-25 00:00:00,EUR,USD,1.1006
20240125,2024-01-25 00:00:00,EUR,GBP,0.8626
20240126,2024-01-26 00:00:00,EUR,USD,1.0857
20240126,2024-01-26 00:00:00,EUR,GBP,0.8571
20240127,2024-01-27 00:00:00,EUR,USD,1.0886
20240127,2024-01-27 00:00:00,EUR,GBP,0.857
20240128,2024-01-28 00:00:00,EUR,USD,1.0902
20240128,2024-01-28 00:00:00,EUR,GBP,0.8533
20240129,2024-01-29 00:00:00,EUR,USD,1.0886
20240129,2024-01-29 00:00:00,EUR,GBP,0.8562
20240130,2024-01-30 00:00:00,EUR,USD,1.0908
20240130,2024-01-30 00:00:00,EUR,GBP,0.8544
20240131,2024-01-31 00:00:00,EUR,USD,1.0919
20240131,2024-01-31 00:00:00,EUR,GBP,0.8434
20240201,2024-02-01 00:00:00,EUR,USD,1.0885
20240201,2024-02-01 00:00:00,EUR,GBP,0.8427
20240202,2024-02-02 00:00:00,EUR,USD,1.0956
20240202,2024-02-02 00:00:00,EUR,GBP,0.8408
20240203,2024-02-03 00:00:00,EUR,USD,1.0928
20240203,2024-02-03 00:00:00,EUR,GBP,0.8447
20240204,2024-02-04 00:00:00,EUR,USD,1.0947
20240204,2024-02-04 00:00:00,EUR,GBP,0.8482
20240205,2024-02-05 00:00:00,EUR,USD,1.1019
20240205,2024-02-05 00:00:00,EUR,GBP,0.8402
20240206,2024-02-06 00:00:00,EUR,USD,1.0971
20240206,2024-02-06 00:00:00,EUR,GBP,0.84
20240207,2024-02-07 00:00:00,EUR,USD,1.0998
20240207,2024-02-07 00:00:00,EUR,GBP,0.84
20240208,2024-02-08 00:00:00,EUR,USD,1.1004
20240208,2024-02-08 00:00:00,EUR,GBP,0.8344
20240209,2024-02-09 00:00:00,EUR,USD,1.0997
20240209,2024-02-09 00:00:00,EUR,GBP,0.8319
20240210,2024-02-10 00:00:00,EUR,USD,1.0951
20240210,2024-02-10 00:00:00,EUR,GBP,0.8366
20240211,2024-02-11 00:00:00,EUR,USD,1.0895
20240211,2024-02-11 00:00:00,EUR,GBP,0.8261
20240212,2024-02-12 00:00:00,EUR,USD,1.0937
20240212,2024-02-12 00:00:00,EUR,GBP,0.8298
20240213,2024-02-13 00:00:00,EUR,USD,1.0956
20240213,2024-02-13 00:00:00,EUR,GBP,0.8302
20240214,2024-02-14 00:00:00,EUR,USD,1.1014
20240214,2024-02-14 00:00:00,EUR,GBP,0.839
20240215,2024-02-15 00:00:00,EUR,USD,1.0968
20240215,2024-02-15 00:00:00,EUR,GBP,0.8315
20240216,2024-02-16 00:00:00,EUR,USD,1.1062
20240216,2024-02-16 00:00:00,EUR,GBP,0.8332
20240217,2024-02-17 00:00:00,EUR,USD,1.0961
20240217,2024-02-17 00:00:00,EUR,GBP,0.8314
20240218,2024-02-18 00:00:00,EUR,USD,1.1064
20240218,2024-02-18 00:00:00,EUR,GBP,0.833
20240219,2024-02-19 00:00:00,EUR,USD,1.1076
20240219,2024-02-19 00:00:00,EUR,GBP,0.8216
20240220,2024-02-20 00:00:00,EUR,USD,1.1008
20240220,2024-02-20 00:00:00,EUR,GBP,0.8223
20240221,2024-02-21 00:00:00,EUR,USD,1.0928
20240221,2024-02-21 00:00:00,EUR,GBP,0.8262
20240222,2024-02-22 00:00:00,EUR,USD,1.1
20240222,2024-02-22 00:00:00,EUR,GBP,0.8242
20240223,2024-02-23 00:00:00,EUR,USD,1.0963
20240223,2024-02-23 00:00:00,EUR,GBP,0.8327
20240224,2024-02-24 00:00:00,EUR,USD,1.1058
20240224,2024-02-24 00:00:00,EUR,GBP,0.8206
20240225,2024-02-25 00:00:00,EUR,USD,1.0977
20240225,2024-02-25 00:00:00,EUR,GBP,0.8237
20240226,2024-02-26 00:00:00,EUR,USD,1.1025
20240226,2024-02-26 00:00:00,EUR,GBP,0.8232
20240227,2024-02-27 00:00:00,EUR,USD,1.0973
20240227,2024-02-27 00:00:00,EUR,GBP,0.8152
20240228,2024-02-28 00:00:00,EUR,USD,1.1059
20240228,2024-02-28 00:00:00,EUR,GBP,0.818
20240229,2024-02-29 00:00:00,EUR,USD,1.1008
20240229,2024-02-29 00:00:00,EUR,GBP,0.8204
20240301,2024-03-01 00:00:00,EUR,USD,1.101
20240301,2024-03-01 00:00:00,EUR,GBP,0.8149
20240302,2024-03-02 00:00:00,EUR,USD,1.0908
20240302,2024-03-02 00:00:00,EUR,GBP,0.8195
20240303,2024-03-03 00:00:00,EUR,USD,1.0886
20240303,2024-03-03 00:00:00,EUR,GBP,0.8179
20240304,2024-03-04 00:00:00,EUR,USD,1.0988
20240304,2024-03-04 00:00:00,EUR,GBP,0.8223
20240305,2024-03-05 00:00:00,EUR,USD,1.0986
20240305,2024-03-05 00:00:00,EUR,GBP,0.8204
20240306,2024-03-06 00:00:00,EUR,USD,1.0896
20240306,2024-03-06 00:00:00,EUR,GBP,0.8151
20240307,2024-03-07 00:00:00,EUR,USD,1.0947
20240307,2024-03-07 00:00:00,EUR,GBP,0.82
20240308,2024-03-08 00:00:00,EUR,USD,1.0893
20240308,2024-03-08 00:00:00,EUR,GBP,0.8188
20240309,2024-03-09 00:00:00,EUR,USD,1.1015
20240309,2024-03-09 00:00:00,EUR,GBP,0.8219
20240310,2024-03-10 00:00:00,EUR,USD,1.0826
20240310,2024-03-10 00:00:00,EUR,GBP,0.8173
20240311,2024-03-11 00:00:00,EUR,USD,1.0876
20240311,2024-03-11 00:00:00,EUR,GBP,0.8195
20240312,2024-03-12 00:00:00,EUR,USD,1.0815
20240312,2024-03-12 00:00:00,EUR,GBP,0.817
20240313,2024-03-13 00:00:00,EUR,USD,1.0829
20240313,2024-03-13 00:00:00,EUR,GBP,0.824
20240314,2024-03-14 00:00:00,EUR,USD,1.0905
20240314,2024-03-14 00:00:00,EUR,GBP,0.8224
20240315,2024-03-15 00:00:00,EUR,USD,1.0689
20240315,2024-03-15 00:00:00,EUR,GBP,0.8245
20240316,2024-03-16 00:00:00,EUR,USD,1.0851
20240316,2024-03-16 00:00:00,EUR,GBP,0.8287
20240317,2024-03-17 00:00:00,EUR,USD,1.0826
20240317,2024-03-17 00:00:00,EUR,GBP,0.829
20240318,2024-03-18 00:00:00,EUR,USD,1.0736
20240318,2024-03-18 00:00:00,EUR,GBP,0.8237
20240319,2024-03-19 00:00:00,EUR,USD,1.0694
20240319,2024-03-19 00:00:00,EUR,GBP,0.8269
20240320,2024-03-20 00:00:00,EUR,USD,1.076
20240320,2024-03-20 00:00:00,EUR,GBP,0.8301
20240321,2024-03-21 00:00:00,EUR,USD,1.0624
20240321,2024-03-21 00:00:00,EUR,GBP,0.8328
20240322,2024-03-22 00:00:00,EUR,USD,1.076
20240322,2024-03-22 00:00:00,EUR,GBP,0.8264
20240323,2024-03-23 00:00:00,EUR,USD,1.0711
20240323,2024-03-23 00:00:00,EUR,GBP,0.8256
20240324,2024-03-24 00:00:00,EUR,USD,1.0624
20240324,2024-03-24 00:00:00,EUR,GBP,0.8302
20240325,2024-03-25 00:00:00,EUR,USD,1.0686
20240325,2024-03-25 00:00:00,EUR,GBP,0.8433
20240326,2024-03-26 00:00:00,EUR,USD,1.0689
20240326,2024-03-26 00:00:00,EUR,GBP,0.8421
20240327,2024-03-27 00:00:00,EUR,USD,1.0573
20240327,2024-03-27 00:00:00,EUR,GBP,0.8417
20240328,2024-03-28 00:00:00,EUR,USD,1.0615
20240328,2024-03-28 00:00:00,EUR,GBP,0.8361
20240329,2024-03-29 00:00:00,EUR,USD,1.0641
20240329,2024-03-29 00:00:00,EUR,GBP,0.844
20240330,2024-03-30 00:00:00,EUR,USD,1.056
20240330,2024-03-30 00:00:00,EUR,GBP,0.847
20240331,2024-03-31 00:00:00,EUR,USD,1.0561
20240331,2024-03-31 00:00:00,EUR,GBP,0.85
20240401,2024-04-01 00:00:00,EUR,USD,1.0632
20240401,2024-04-01 00:00:00,EUR,GBP,0.8455
20240402,2024-04-02 00:00:00,EUR,USD,1.0506
20240402,2024-04-02 00:00:00,EUR,GBP,0.8462
20240403,2024-04-03 00:00:00,EUR,USD,1.0505
20240403,2024-04-03 00:00:00,EUR,GBP,0.855
20240404,2024-04-04 00:00:00,EUR,USD,1.0434
20240404,2024-04-04 00:00:00,EUR,GBP,0.8456
20240405,2024-04-05 00:00:00,EUR,USD,1.0483
20240405,2024-04-05 00:00:00,EUR,GBP,0.8525
20240406,2024-04-06 00:00:00,EUR,USD,1.0464
20240406,2024-04-06 00:00:00,EUR,GBP,0.8463
20240407,2024-04-07 00:00:00,EUR,USD,1.0515
20240407,2024-04-07 00:00:00,EUR,GBP,0.8564
20240408,2024-04-08 00:00:00,EUR,USD,1.0543
20240408,2024-04-08 00:00:00,EUR,GBP,0.8587
20240409,2024-04-09 00:00:00,EUR,USD,1.0385
20240409,2024-04-09 00:00:00,EUR,GBP,0.8595
20240410,2024-04-10 00:00:00,EUR,USD,1.0462
20240410,2024-04-10 00:00:00,EUR,GBP,0.8571
20240411,2024-04-11 00:00:00,EUR,USD,1.0401
20240411,2024-04-11 00:00:00,EUR,GBP,0.8631
20240412,2024-04-12 00:00:00,EUR,USD,1.0386
20240412,2024-04-12 00:00:00,EUR,GBP,0.8591
20240413,2024-04-13 00:00:00,EUR,USD,1.0372
20240413,2024-04-13 00:00:00,EUR,GBP,0.8663
20240414,2024-04-14 00:00:00,EUR,USD,1.0403
20240414,2024-04-14 00:00:00,EUR,GBP,0.8725
20240415,2024-04-15 00:00:00,EUR,USD,1.0328
20240415,2024-04-15 00:00:00,EUR,GBP,0.8675
20240416,2024-04-16 00:00:00,EUR,USD,1.0246
20240416,2024-04-16 00:00:00,EUR,GBP,0.8671
20240417,2024-04-17 00:00:00,EUR,USD,1.0256
20240417,2024-04-17 00:00:00,EUR,GBP,0.8729
20240418,2024-04-18 00:00:00,EUR,USD,1.0279
20240418,2024-04-18 00:00:00,EUR,GBP,0.8662
20240419,2024-04-19 00:00:00,EUR,USD,1.0207
20240419,2024-04-19 00:00:00,EUR,GBP,0.8815
20240420,2024-04-20 00:00:00,EUR,USD,1.0214
20240420,2024-04-20 00:00:00,EUR,GBP,0.875
20240421,2024-04-21 00:00:00,EUR,USD,1.0222
20240421,2024-04-21 00:00:00,EUR,GBP,0.8723
20240422,2024-04-22 00:00:00,EUR,USD,1.0266
20240422,2024-04-22 00:00:00,EUR,GBP,0.8724
20240423,2024-04-23 00:00:00,EUR,USD,1.0179
20240423,2024-04-23 00:00:00,EUR,GBP,0.8805
20240424,2024-04-24 00:00:00,EUR,USD,1.0162
20240424,2024-04-24 00:00:00,EUR,GBP,0.8702
20240425,2024-04-25 00:00:00,EUR,USD,1.0112
20240425,2024-04-25 00:00:00,EUR,GBP,0.8786
20240426,2024-04-26 00:00:00,EUR,USD,1.0121
20240426,2024-04-26 00:00:00,EUR,GBP,0.8817
20240427,2024-04-27 00:00:00,EUR,USD,1.0145
20240427,2024-04-27 00:00:00,EUR,GBP,0.8809
20240428,2024-04-28 00:00:00,EUR,USD,1.015
20240428,2024-04-28 00:00:00,EUR,GBP,0.8826
20240429,2024-04-29 00:00:00,EUR,USD,1.0216
20240429,2024-04-29 00:00:00,EUR,GBP,0.8811
20240430,2024-04-30 00:00:00,EUR,USD,1.0137
20240430,2024-04-30 00:00:00,EUR,GBP,0.8836
20240501,2024-05-01 00:00:00,EUR,USD,1.0072
20240501,2024-05-01 00:00:00,EUR,GBP,0.8817
20240502,2024-05-02 00:00:00,EUR,USD,1.0045
20240502,2024-05-02 00:00:00,EUR,GBP,0.8767
20240503,2024-05-03 00:00:00,EUR,USD,1.0058
20240503,2024-05-03 00:00:00,EUR,GBP,0.885
20240504,2024-05-04 00:00:00,EUR,USD,1.0066
20240504,2024-05-04 00:00:00,EUR,GBP,0.8769
20240505,2024-05-05 00:00:00,EUR,USD,1.0102
20240505,2024-05-05 00:00:00,EUR,GBP,0.8734
20240506,2024-05-06 00:00:00,EUR,USD,0.9963
20240506,2024-05-06 00:00:00,EUR,GBP,0.8789
20240507,2024-05-07 00:00:00,EUR,USD,1.0035
20240507,2024-05-07 00:00:00,EUR,GBP,0.884
20240508,2024-05-08 00:00:00,EUR,USD,1.0102
20240508,2024-05-08 00:00:00,EUR,GBP,0.8792
20240509,2024-05-09 00:00:00,EUR,USD,1.0025
20240509,2024-05-09 00:00:00,EUR,GBP,0.8762
20240510,2024-05-10 00:00:00,EUR,USD,1.0024
20240510,2024-05-10 00:00:00,EUR,GBP,0.8687
20240511,2024-05-11 00:00:00,EUR,USD,1.0002
20240511,2024-05-11 00:00:00,EUR,GBP,0.8782
20240512,2024-05-12 00:00:00,EUR,USD,0.998
20240512,2024-05-12 00:00:00,EUR,GBP,0.8754
20240513,2024-05-13 00:00:00,EUR,USD,1.0
20240513,2024-05-13 00:00:00,EUR,GBP,0.8774
20240514,2024-05-14 00:00:00,EUR,USD,1.0054
20240514,2024-05-14 00:00:00,EUR,GBP,0.8785
20240515,2024-05-15 00:00:00,EUR,USD,1.0052
20240515,2024-05-15 00:00:00,EUR,GBP,0.8784
20240516,2024-05-16 00:00:00,EUR,USD,1.0011
20240516,2024-05-16 00:00:00,EUR,GBP,0.8842
20240517,2024-05-17 00:00:00,EUR,USD,0.9967
20240517,2024-05-17 00:00:00,EUR,GBP,0.8708
20240518,2024-05-18 00:00:00,EUR,USD,0.9994
20240518,2024-05-18 00:00:00,EUR,GBP,0.8733
20240519,2024-05-19 00:00:00,EUR,USD,1.0007
20240519,2024-05-19 00:00:00,EUR,GBP,0.8688
20240520,2024-05-20 00:00:00,EUR,USD,1.0098
20240520,2024-05-20 00:00:00,EUR,GBP,0.8702
20240521,2024-05-21 00:00:00,EUR,USD,0.9952
20240521,2024-05-21 00:00:00,EUR,GBP,0.8716
20240522,2024-05-22 00:00:00,EUR,USD,1.0056
20240522,2024-05-22 00:00:00,EUR,GBP,0.8759
20240523,2024-05-23 00:00:00,EUR,USD,0.9882
20240523,2024-05-23 00:00:00,EUR,GBP,0.8713
20240524,2024-05-24 00:00:00,EUR,USD,1.0091
20240524,2024-05-24 00:00:00,EUR,GBP,0.8647
20240525,2024-05-25 00:00:00,EUR,USD,0.9994
20240525,2024-05-25 00:00:00,EUR,GBP,0.862
20240526,2024-05-26 00:00:00,EUR,USD,0.9981
20240526,2024-05-26 00:00:00,EUR,GBP,0.8602
20240527,2024-05-27 00:00:00,EUR,USD,1.0059
20240527,2024-05-27 00:00:00,EUR,GBP,0.8627
20240528,2024-05-28 00:00:00,EUR,USD,0.9866
20240528,2024-05-28 00:00:00,EUR,GBP,0.8594
20240529,2024-05-29 00:00:00,EUR,USD,0.9986
20240529,2024-05-29 00:00:00,EUR,GBP,0.8638
20240530,2024-05-30 00:00:00,EUR,USD,1.0022
20240530,2024-05-30 00:00:00,EUR,GBP,0.8586
20240531,2024-05-31 00:00:00,EUR,USD,1.0063
20240531,2024-05-31 00:00:00,EUR,GBP,0.8618
20240601,2024-06-01 00:00:00,EUR,USD,1.005
20240601,2024-06-01 00:00:00,EUR,GBP,0.8535
20240602,2024-06-02 00:00:00,EUR,USD,0.9968
20240602,2024-06-02 00:00:00,EUR,GBP,0.8604
20240603,2024-06-03 00:00:00,EUR,USD,1.022
20240603,2024-06-03 00:00:00,EUR,GBP,0.8536
20240604,2024-06-04 00:00:00,EUR,USD,1.0074
20240604,2024-06-04 00:00:00,EUR,GBP,0.8576
20240605,2024-06-05 00:00:00,EUR,USD,0.9981
20240605,2024-06-05 00:00:00,EUR,GBP,0.8539
20240606,2024-06-06 00:00:00,EUR,USD,1.0094
20240606,2024-06-06 00:00:00,EUR,GBP,0.8455
20240607,2024-06-07 00:00:00,EUR,USD,1.0058
20240607,2024-06-07 00:00:00,EUR,GBP,0.8419
20240608,2024-06-08 00:00:00,EUR,USD,1.015
20240608,2024-06-08 00:00:00,EUR,GBP,0.8415
20240609,2024-06-09 00:00:00,EUR,USD,1.0124
20240609,2024-06-09 00:00:00,EUR,GBP,0.8377
20240610,2024-06-10 00:00:00,EUR,USD,1.0183
20240610,2024-06-10 00:00:00,EUR,GBP,0.8419
20240611,2024-06-11 00:00:00,EUR,USD,1.0178
20240611,2024-06-11 00:00:00,EUR,GBP,0.8404
20240612,2024-06-12 00:00:00,EUR,USD,1.0105
20240612,2024-06-12 00:00:00,EUR,GBP,0.8345
20240613,2024-06-13 00:00:00,EUR,USD,1.02
20240613,2024-06-13 00:00:00,EUR,GBP,0.837
20240614,2024-06-14 00:00:00,EUR,USD,1.0174
20240614,2024-06-14 00:00:00,EUR,GBP,0.8342
20240615,2024-06-15 00:00:00,EUR,USD,1.0171
20240615,2024-06-15 00:00:00,EUR,GBP,0.8365
20240616,2024-06-16 00:00:00,EUR,USD,1.0097
20240616,2024-06-16 00:00:00,EUR,GBP,0.8317
20240617,2024-06-17 00:00:00,EUR,USD,1.0276
20240617,2024-06-17 00:00:00,EUR,GBP,0.8299
20240618,2024-06-18 00:00:00,EUR,USD,1.0256
20240618,2024-06-18 00:00:00,EUR,GBP,0.8332
20240619,2024-06-19 00:00:00,EUR,USD,1.025
20240619,2024-06-19 00:00:00,EUR,GBP,0.8333
20240620,2024-06-20 00:00:00,EUR,USD,1.024
20240620,2024-06-20 00:00:00,EUR,GBP,0.8274
20240621,2024-06-21 00:00:00,EUR,USD,1.0216
20240621,2024-06-21 00:00:00,EUR,GBP,0.8272
20240622,2024-06-22 00:00:00,EUR,USD,1.033
20240622,2024-06-22 00:00:00,EUR,GBP,0.8221
20240623,2024-06-23 00:00:00,EUR,USD,1.0267
20240623,2024-06-23 00:00:00,EUR,GBP,0.8205
20240624,2024-06-24 00:00:00,EUR,USD,1.0269
20240624,2024-06-24 00:00:00,EUR,GBP,0.8252
20240625,2024-06-25 00:00:00,EUR,USD,1.0383
20240625,2024-06-25 00:00:00,EUR,GBP,0.8308
20240626,2024-06-26 00:00:00,EUR,USD,1.0239
20240626,2024-06-26 00:00:00,EUR,GBP,0.818
20240627,2024-06-27 00:00:00,EUR,USD,1.0336
20240627,2024-06-27 00:00:00,EUR,GBP,0.8264
20240628,2024-06-28 00:00:00,EUR,USD,1.028
20240628,2024-06-28 00:00:00,EUR,GBP,0.8212
20240629,2024-06-29 00:00:00,EUR,USD,1.0428
20240629,2024-06-29 00:00:00,EUR,GBP,0.8267
20240630,2024-06-30 00:00:00,EUR,USD,1.0377
20240630,2024-06-30 00:00:00,EUR,GBP,0.8136
20240701,2024-07-01 00:00:00,EUR,USD,1.0461
20240701,2024-07-01 00:00:00,EUR,GBP,0.8174
20240702,2024-07-02 00:00:00,EUR,USD,1.0452
20240702,2024-07-02 00:00:00,EUR,GBP,0.8172
20240703,2024-07-03 00:00:00,EUR,USD,1.0447
20240703,2024-07-03 00:00:00,EUR,GBP,0.8217
20240704,2024-07-04 00:00:00,EUR,USD,1.0523
20240704,2024-07-04 00:00:00,EUR,GBP,0.8146
20240705,2024-07-05 00:00:00,EUR,USD,1.0431
20240705,2024-07-05 00:00:00,EUR,GBP,0.8265
20240706,2024-07-06 00:00:00,EUR,USD,1.0503
20240706,2024-07-06 00:00:00,EUR,GBP,0.8166
20240707,2024-07-07 00:00:00,EUR,USD,1.0545
20240707,2024-07-07 00:00:00,EUR,GBP,0.816
20240708,2024-07-08 00:00:00,EUR,USD,1.0535
20240708,2024-07-08 00:00:00,EUR,GBP,0.8173
20240709,2024-07-09 00:00:00,EUR,USD,1.0604
20240709,2024-07-09 00:00:00,EUR,GBP,0.8168
20240710,2024-07-10 00:00:00,EUR,USD,1.0426
20240710,2024-07-10 00:00:00,EUR,GBP,0.8187
20240711,2024-07-11 00:00:00,EUR,USD,1.0541
20240711,2024-07-11 00:00:00,EUR,GBP,0.8198
20240712,2024-07-12 00:00:00,EUR,USD,1.0619
20240712,2024-07-12 00:00:00,EUR,GBP,0.8164
20240713,2024-07-13 00:00:00,EUR,USD,1.0569
20240713,2024-07-13 00:00:00,EUR,GBP,0.8215
20240714,2024-07-14 00:00:00,EUR,USD,1.0591
20240714,2024-07-14 00:00:00,EUR,GBP,0.8223
20240715,2024-07-15 00:00:00,EUR,USD,1.0667
20240715,2024-07-15 00:00:00,EUR,GBP,0.8227
20240716,2024-07-16 00:00:00,EUR,USD,1.0711
20240716,2024-07-16 00:00:00,EUR,GBP,0.8195
20240717,2024-07-17 00:00:00,EUR,USD,1.0643
20240717,2024-07-17 00:00:00,EUR,GBP,0.83
20240718,2024-07-18 00:00:00,EUR,USD,1.065
20240718,2024-07-18 00:00:00,EUR,GBP,0.8346
20240719,2024-07-19 00:00:00,EUR,USD,1.0751
20240719,2024-07-19 00:00:00,EUR,GBP,0.8224
20240720,2024-07-20 00:00:00,EUR,USD,1.0747
20240720,2024-07-20 00:00:00,EUR,GBP,0.8278
20240721,2024-07-21 00:00:00,EUR,USD,1.066
20240721,2024-07-21 00:00:00,EUR,GBP,0.8337
20240722,2024-07-22 00:00:00,EUR,USD,1.0788
20240722,2024-07-22 00:00:00,EUR,GBP,0.8345
20240723,2024-07-23 00:00:00,EUR,USD,1.0814
20240723,2024-07-23 00:00:00,EUR,GBP,0.831
20240724,2024-07-24 00:00:00,EUR,USD,1.0829
20240724,2024-07-24 00:00:00,EUR,GBP,0.8254
20240725,2024-07-25 00:00:00,EUR,USD,1.0888
20240725,2024-07-25 00:00:00,EUR,GBP,0.8349
20240726,2024-07-26 00:00:00,EUR,USD,1.0705
20240726,2024-07-26 00:00:00,EUR,GBP,0.8272
20240727,2024-07-27 00:00:00,EUR,USD,1.083
20240727,2024-07-27 00:00:00,EUR,GBP,0.8309
20240728,2024-07-28 00:00:00,EUR,USD,1.0854
20240728,2024-07-28 00:00:00,EUR,GBP,0.8318
20240729,2024-07-29 00:00:00,EUR,USD,1.0777
20240729,2024-07-29 00:00:00,EUR,GBP,0.8349
20240730,2024-07-30 00:00:00,EUR,USD,1.1016
20240730,2024-07-30 00:00:00,EUR,GBP,0.8341
20240731,2024-07-31 00:00:00,EUR,USD,1.0927
20240731,2024-07-31 00:00:00,EUR,GBP,0.8368
20240801,2024-08-01 00:00:00,EUR,USD,1.0871
20240801,2024-08-01 00:00:00,EUR,GBP,0.8418
20240802,2024-08-02 00:00:00,EUR,USD,1.0883
20240802,2024-08-02 00:00:00,EUR,GBP,0.8429
20240803,2024-08-03 00:00:00,EUR,USD,1.0914
20240803,2024-08-03 00:00:00,EUR,GBP,0.8382
20240804,2024-08-04 00:00:00,EUR,USD,1.09
20240804,2024-08-04 00:00:00,EUR,GBP,0.8454
20240805,2024-08-05 00:00:00,EUR,USD,1.0944
20240805,2024-08-05 00:00:00,EUR,GBP,0.846
20240806,2024-08-06 00:00:00,EUR,USD,1.0952
20240806,2024-08-06 00:00:00,EUR,GBP,0.846
20240807,2024-08-07 00:00:00,EUR,USD,1.0906
20240807,2024-08-07 00:00:00,EUR,GBP,0.8514
20240808,2024-08-08 00:00:00,EUR,USD,1.089
20240808,2024-08-08 00:00:00,EUR,GBP,0.8494
20240809,2024-08-09 00:00:00,EUR,USD,1.0925
20240809,2024-08-09 00:00:00,EUR,GBP,0.8514
20240810,2024-08-10 00:00:00,EUR,USD,1.0959
20240810,2024-08-10 00:00:00,EUR,GBP,0.8511
20240811,2024-08-11 00:00:00,EUR,USD,1.0994
20240811,2024-08-11 00:00:00,EUR,GBP,0.855
20240812,2024-08-12 00:00:00,EUR,USD,1.0989
20240812,2024-08-12 00:00:00,EUR,GBP,0.8526
20240813,2024-08-13 00:00:00,EUR,USD,1.0832
20240813,2024-08-13 00:00:00,EUR,GBP,0.8628
20240814,2024-08-14 00:00:00,EUR,USD,1.099
20240814,2024-08-14 00:00:00,EUR,GBP,0.8626
20240815,2024-08-15 00:00:00,EUR,USD,1.105
20240815,2024-08-15 00:00:00,EUR,GBP,0.858
20240816,2024-08-16 00:00:00,EUR,USD,1.0897
20240816,2024-08-16 00:00:00,EUR,GBP,0.8671
20240817,2024-08-17 00:00:00,EUR,USD,1.1024
20240817,2024-08-17 00:00:00,EUR,GBP,0.8689
20240818,2024-08-18 00:00:00,EUR,USD,1.1077
20240818,2024-08-18 00:00:00,EUR,GBP,0.8611
20240819,2024-08-19 00:00:00,EUR,USD,1.1043
20240819,2024-08-19 00:00:00,EUR,GBP,0.866
20240820,2024-08-20 00:00:00,EUR,USD,1.1046
20240820,2024-08-20 00:00:00,EUR,GBP,0.8756
20240821,2024-08-21 00:00:00,EUR,USD,1.1001
20240821,2024-08-21 00:00:00,EUR,GBP,0.8664
20240822,2024-08-22 00:00:00,EUR,USD,1.0932
20240822,2024-08-22 00:00:00,EUR,GBP,0.8615
20240823,2024-08-23 00:00:00,EUR,USD,1.1073
20240823,2024-08-23 00:00:00,EUR,GBP,0.8777
20240824,2024-08-24 00:00:00,EUR,USD,1.105
20240824,2024-08-24 00:00:00,EUR,GBP,0.8714
20240825,2024-08-25 00:00:00,EUR,USD,1.1038
20240825,2024-08-25 00:00:00,EUR,GBP,0.8748
20240826,2024-08-26 00:00:00,EUR,USD,1.0939
20240826,2024-08-26 00:00:00,EUR,GBP,0.8791
20240827,2024-08-27 00:00:00,EUR,USD,1.102
20240827,2024-08-27 00:00:00,EUR,GBP,0.8783
20240828,2024-08-28 00:00:00,EUR,USD,1.1008
20240828,2024-08-28 00:00:00,EUR,GBP,0.8766
20240829,2024-08-29 00:00:00,EUR,USD,1.1006
20240829,2024-08-29 00:00:00,EUR,GBP,0.8757
20240830,2024-08-30 00:00:00,EUR,USD,1.1015
20240830,2024-08-30 00:00:00,EUR,GBP,0.8852
20240831,2024-08-31 00:00:00,EUR,USD,1.1004
20240831,2024-08-31 00:00:00,EUR,GBP,0.8825
20240901,2024-09-01 00:00:00,EUR,USD,1.0917
20240901,2024-09-01 00:00:00,EUR,GBP,0.8818
20240902,2024-09-02 00:00:00,EUR,USD,1.0996
20240902,2024-09-02 00:00:00,EUR,GBP,0.8832
20240903,2024-09-03 00:00:00,EUR,USD,1.0943
20240903,2024-09-03 00:00:00,EUR,GBP,0.8832
20240904,2024-09-04 00:00:00,EUR,USD,1.0922
20240904,2024-09-04 00:00:00,EUR,GBP,0.8841
20240905,2024-09-05 00:00:00,EUR,USD,1.1011
20240905,2024-09-05 00:00:00,EUR,GBP,0.8754
20240906,2024-09-06 00:00:00,EUR,USD,1.0962
20240906,2024-09-06 00:00:00,EUR,GBP,0.8791
20240907,2024-09-07 00:00:00,EUR,USD,1.096
20240907,2024-09-07 00:00:00,EUR,GBP,0.8802
20240908,2024-09-08 00:00:00,EUR,USD,1.0916
20240908,2024-09-08 00:00:00,EUR,GBP,0.8777
20240909,2024-09-09 00:00:00,EUR,USD,1.0991
20240909,2024-09-09 00:00:00,EUR,GBP,0.8769
20240910,2024-09-10 00:00:00,EUR,USD,1.0882
20240910,2024-09-10 00:00:00,EUR,GBP,0.8747
20240911,2024-09-11 00:00:00,EUR,USD,1.0942
20240911,2024-09-11 00:00:00,EUR,GBP,0.8836
20240912,2024-09-12 00:00:00,EUR,USD,1.0909
20240912,2024-09-12 00:00:00,EUR,GBP,0.8761
20240913,2024-09-13 00:00:00,EUR,USD,1.0793
20240913,2024-09-13 00:00:00,EUR,GBP,0.881
20240914,2024-09-14 00:00:00,EUR,USD,1.0912
20240914,2024-09-14 00:00:00,EUR,GBP,0.8763
20240915,2024-09-15 00:00:00,EUR,USD,1.0859
20240915,2024-09-15 00:00:00,EUR,GBP,0.8715
20240916,2024-09-16 00:00:00,EUR,USD,1.0804
20240916,2024-09-16 00:00:00,EUR,GBP,0.8788
20240917,2024-09-17 00:00:00,EUR,USD,1.0826
20240917,2024-09-17 00:00:00,EUR,GBP,0.8773
20240918,2024-09-18 00:00:00,EUR,USD,1.0876
20240918,2024-09-18 00:00:00,EUR,GBP,0.8709
20240919,2024-09-19 00:00:00,EUR,USD,1.0816
20240919,2024-09-19 00:00:00,EUR,GBP,0.8723
20240920,2024-09-20 00:00:00,EUR,USD,1.0784
20240920,2024-09-20 00:00:00,EUR,GBP,0.8753
20240921,2024-09-21 00:00:00,EUR,USD,1.0716
20240921,2024-09-21 00:00:00,EUR,GBP,0.8706
20240922,2024-09-22 00:00:00,EUR,USD,1.0744
20240922,2024-09-22 00:00:00,EUR,GBP,0.8739
20240923,2024-09-23 00:00:00,EUR,USD,1.0806
20240923,2024-09-23 00:00:00,EUR,GBP,0.8646
20240924,2024-09-24 00:00:00,EUR,USD,1.0703
20240924,2024-09-24 00:00:00,EUR,GBP,0.8696
20240925,2024-09-25 00:00:00,EUR,USD,1.0714
20240925,2024-09-25 00:00:00,EUR,GBP,0.8707
20240926,2024-09-26 00:00:00,EUR,USD,1.0644
20240926,2024-09-26 00:00:00,EUR,GBP,0.867
20240927,2024-09-27 00:00:00,EUR,USD,1.067
20240927,2024-09-27 00:00:00,EUR,GBP,0.8695
20240928,2024-09-28 00:00:00,EUR,USD,1.0679
20240928,2024-09-28 00:00:00,EUR,GBP,0.8636
20240929,2024-09-29 00:00:00,EUR,USD,1.072
20240929,2024-09-29 00:00:00,EUR,GBP,0.8619
20240930,2024-09-30 00:00:00,EUR,USD,1.0604
20240930,2024-09-30 00:00:00,EUR,GBP,0.8651
20241001,2024-10-01 00:00:00,EUR,USD,1.0604
20241001,2024-10-01 00:00:00,EUR,GBP,0.8616
20241002,2024-10-02 00:00:00,EUR,USD,1.0698
20241002,2024-10-02 00:00:00,EUR,GBP,0.858
20241003,2024-10-03 00:00:00,EUR,USD,1.0547
20241003,2024-10-03 00:00:00,EUR,GBP,0.8576
20241004,2024-10-04 00:00:00,EUR,USD,1.0563
20241004,2024-10-04 00:00:00,EUR,GBP,0.8601
20241005,2024-10-05 00:00:00,EUR,USD,1.0494
20241005,2024-10-05 00:00:00,EUR,GBP,0.8663
20241006,2024-10-06 00:00:00,EUR,USD,1.051
20241006,2024-10-06 00:00:00,EUR,GBP,0.8562
20241007,2024-10-07 00:00:00,EUR,USD,1.0576
20241007,2024-10-07 00:00:00,EUR,GBP,0.8534
20241008,2024-10-08 00:00:00,EUR,USD,1.0543
20241008,2024-10-08 00:00:00,EUR,GBP,0.8514
20241009,2024-10-09 00:00:00,EUR,USD,1.0527
20241009,2024-10-09 00:00:00,EUR,GBP,0.8479
20241010,2024-10-10 00:00:00,EUR,USD,1.0446
20241010,2024-10-10 00:00:00,EUR,GBP,0.841
20241011,2024-10-11 00:00:00,EUR,USD,1.0484
20241011,2024-10-11 00:00:00,EUR,GBP,0.8452
20241012,2024-10-12 00:00:00,EUR,USD,1.0465
20241012,2024-10-12 00:00:00,EUR,GBP,0.8439
20241013,2024-10-13 00:00:00,EUR,USD,1.0491
20241013,2024-10-13 00:00:00,EUR,GBP,0.843
20241014,2024-10-14 00:00:00,EUR,USD,1.0382
20241014,2024-10-14 00:00:00,EUR,GBP,0.8406
20241015,2024-10-15 00:00:00,EUR,USD,1.0422
20241015,2024-10-15 00:00:00,EUR,GBP,0.8524
20241016,2024-10-16 00:00:00,EUR,USD,1.0449
20241016,2024-10-16 00:00:00,EUR,GBP,0.8345
20241017,2024-10-17 00:00:00,EUR,USD,1.0376
20241017,2024-10-17 00:00:00,EUR,GBP,0.8348
20241018,2024-10-18 00:00:00,EUR,USD,1.0328
20241018,2024-10-18 00:00:00,EUR,GBP,0.8354
20241019,2024-10-19 00:00:00,EUR,USD,1.0328
20241019,2024-10-19 00:00:00,EUR,GBP,0.8388
20241020,2024-10-20 00:00:00,EUR,USD,1.0304
20241020,2024-10-20 00:00:00,EUR,GBP,0.8347
20241021,2024-10-21 00:00:00,EUR,USD,1.0301
20241021,2024-10-21 00:00:00,EUR,GBP,0.83
20241022,2024-10-22 00:00:00,EUR,USD,1.0259
20241022,2024-10-22 00:00:00,EUR,GBP,0.8291
20241023,2024-10-23 00:00:00,EUR,USD,1.0304
20241023,2024-10-23 00:00:00,EUR,GBP,0.8289
20241024,2024-10-24 00:00:00,EUR,USD,1.0345
20241024,2024-10-24 00:00:00,EUR,GBP,0.8261
20241025,2024-10-25 00:00:00,EUR,USD,1.0203
20241025,2024-10-25 00:00:00,EUR,GBP,0.8239
20241026,2024-10-26 00:00:00,EUR,USD,1.0223
20241026,2024-10-26 00:00:00,EUR,GBP,0.8251
20241027,2024-10-27 00:00:00,EUR,USD,1.0197
20241027,2024-10-27 00:00:00,EUR,GBP,0.8304
20241028,2024-10-28 00:00:00,EUR,USD,1.0192
20241028,2024-10-28 00:00:00,EUR,GBP,0.8239
20241029,2024-10-29 00:00:00,EUR,USD,1.0202
20241029,2024-10-29 00:00:00,EUR,GBP,0.8253
20241030,2024-10-30 00:00:00,EUR,USD,1.0212
20241030,2024-10-30 00:00:00,EUR,GBP,0.8271
20241031,2024-10-31 00:00:00,EUR,USD,1.0185
20241031,2024-10-31 00:00:00,EUR,GBP,0.8268
20241101,2024-11-01 00:00:00,EUR,USD,1.0116
20241101,2024-11-01 00:00:00,EUR,GBP,0.822
20241102,2024-11-02 00:00:00,EUR,USD,1.0145
20241102,2024-11-02 00:00:00,EUR,GBP,0.8223
20241103,2024-11-03 00:00:00,EUR,USD,1.0281
20241103,2024-11-03 00:00:00,EUR,GBP,0.8258
20241104,2024-11-04 00:00:00,EUR,USD,1.0169
20241104,2024-11-04 00:00:00,EUR,GBP,0.8198
20241105,2024-11-05 00:00:00,EUR,USD,1.0102
20241105,2024-11-05 00:00:00,EUR,GBP,0.8237
20241106,2024-11-06 00:00:00,EUR,USD,1.0171
20241106,2024-11-06 00:00:00,EUR,GBP,0.817
20241107,2024-11-07 00:00:00,EUR,USD,1.0062
20241107,2024-11-07 00:00:00,EUR,GBP,0.8194
20241108,2024-11-08 00:00:00,EUR,USD,1.009
20241108,2024-11-08 00:00:00,EUR,GBP,0.8231
20241109,2024-11-09 00:00:00,EUR,USD,1.0104
20241109,2024-11-09 00:00:00,EUR,GBP,0.8218
20241110,2024-11-10 00:00:00,EUR,USD,1.0022
20241110,2024-11-10 00:00:00,EUR,GBP,0.8193
20241111,2024-11-11 00:00:00,EUR,USD,0.9986
20241111,2024-11-11 00:00:00,EUR,GBP,0.824
20241112,2024-11-12 00:00:00,EUR,USD,1.0047
20241112,2024-11-12 00:00:00,EUR,GBP,0.8156
20241113,2024-11-13 00:00:00,EUR,USD,1.0156
20241113,2024-11-13 00:00:00,EUR,GBP,0.8104
20241114,2024-11-14 00:00:00,EUR,USD,1.0029
20241114,2024-11-14 00:00:00,EUR,GBP,0.8261
20241115,2024-11-15 00:00:00,EUR,USD,1.0003
20241115,2024-11-15 00:00:00,EUR,GBP,0.8219
20241116,2024-11-16 00:00:00,EUR,USD,1.0046
20241116,2024-11-16 00:00:00,EUR,GBP,0.8126
20241117,2024-11-17 00:00:00,EUR,USD,0.9963
20241117,2024-11-17 00:00:00,EUR,GBP,0.822
20241118,2024-11-18 00:00:00,EUR,USD,1.0009
20241118,2024-11-18 00:00:00,EUR,GBP,0.8175
20241119,2024-11-19 00:00:00,EUR,USD,1.0009
20241119,2024-11-19 00:00:00,EUR,GBP,0.8257
20241120,2024-11-20 00:00:00,EUR,USD,1.0071
20241120,2024-11-20 00:00:00,EUR,GBP,0.8251
20241121,2024-11-21 00:00:00,EUR,USD,0.9959
20241121,2024-11-21 00:00:00,EUR,GBP,0.8274
20241122,2024-11-22 00:00:00,EUR,USD,1.0037
20241122,2024-11-22 00:00:00,EUR,GBP,0.8253
20241123,2024-11-23 00:00:00,EUR,USD,0.9982
20241123,2024-11-23 00:00:00,EUR,GBP,0.8251
20241124,2024-11-24 00:00:00,EUR,USD,1.0032
20241124,2024-11-24 00:00:00,EUR,GBP,0.8273
20241125,2024-11-25 00:00:00,EUR,USD,1.0017
20241125,2024-11-25 00:00:00,EUR,GBP,0.8259
20241126,2024-11-26 00:00:00,EUR,USD,1.0004
20241126,2024-11-26 00:00:00,EUR,GBP,0.8256
20241127,2024-11-27 00:00:00,EUR,USD,0.9972
20241127,2024-11-27 00:00:00,EUR,GBP,0.8314
20241128,2024-11-28 00:00:00,EUR,USD,0.9966
20241128,2024-11-28 00:00:00,EUR,GBP,0.8308
20241129,2024-11-29 00:00:00,EUR,USD,1.0043
20241129,2024-11-29 00:00:00,EUR,GBP,0.8324
20241130,2024-11-30 00:00:00,EUR,USD,0.9989
20241130,2024-11-30 00:00:00,EUR,GBP,0.8313
20241201,2024-12-01 00:00:00,EUR,USD,0.9984
20241201,2024-12-01 00:00:00,EUR,GBP,0.8362
20241202,2024-12-02 00:00:00,EUR,USD,1.0046
20241202,2024-12-02 00:00:00,EUR,GBP,0.8314
20241203,2024-12-03 00:00:00,EUR,USD,1.0058
20241203,2024-12-03 00:00:00,EUR,GBP,0.8374
20241204,2024-12-04 00:00:00,EUR,USD,1.0018
20241204,2024-12-04 00:00:00,EUR,GBP,0.8431
20241205,2024-12-05 00:00:00,EUR,USD,1.0139
20241205,2024-12-05 00:00:00,EUR,GBP,0.8439
20241206,2024-12-06 00:00:00,EUR,USD,1.0009
20241206,2024-12-06 00:00:00,EUR,GBP,0.8439
20241207,2024-12-07 00:00:00,EUR,USD,1.0061
20241207,2024-12-07 00:00:00,EUR,GBP,0.8391
20241208,2024-12-08 00:00:00,EUR,USD,0.9993
20241208,2024-12-08 00:00:00,EUR,GBP,0.8478
20241209,2024-12-09 00:00:00,EUR,USD,1.0081
20241209,2024-12-09 00:00:00,EUR,GBP,0.8492
20241210,2024-12-10 00:00:00,EUR,USD,1.0095
20241210,2024-12-10 00:00:00,EUR,GBP,0.8477
20241211,2024-12-11 00:00:00,EUR,USD,1.0125
20241211,2024-12-11 00:00:00,EUR,GBP,0.8579
20241212,2024-12-12 00:00:00,EUR,USD,1.0047
20241212,2024-12-12 00:00:00,EUR,GBP,0.8471
20241213,2024-12-13 00:00:00,EUR,USD,1.0085
20241213,2024-12-13 00:00:00,EUR,GBP,0.8571
20241214,2024-12-14 00:00:00,EUR,USD,1.0131
20241214,2024-12-14 00:00:00,EUR,GBP,0.8557
20241215,2024-12-15 00:00:00,EUR,USD,0.9993
20241215,2024-12-15 00:00:00,EUR,GBP,0.8538
20241216,2024-12-16 00:00:00,EUR,USD,1.0174
20241216,2024-12-16 00:00:00,EUR,GBP,0.8511
20241217,2024-12-17 00:00:00,EUR,USD,1.0131
20241217,2024-12-17 00:00:00,EUR,GBP,0.8572
20241218,2024-12-18 00:00:00,EUR,USD,1.0174
20241218,2024-12-18 00:00:00,EUR,GBP,0.8542
20241219,2024-12-19 00:00:00,EUR,USD,1.0138
20241219,2024-12-19 00:00:00,EUR,GBP,0.8629
20241220,2024-12-20 00:00:00,EUR,USD,1.0148
20241220,2024-12-20 00:00:00,EUR,GBP,0.866
20241221,2024-12-21 00:00:00,EUR,USD,1.0101
20241221,2024-12-21 00:00:00,EUR,GBP,0.8605
20241222,2024-12-22 00:00:00,EUR,USD,1.0175
20241222,2024-12-22 00:00:00,EUR,GBP,0.8676
20241223,2024-12-23 00:00:00,EUR,USD,1.023
20241223,2024-12-23 00:00:00,EUR,GBP,0.8682
20241224,2024-12-24 00:00:00,EUR,USD,1.0172
20241224,2024-12-24 00:00:00,EUR,GBP,0.8663
20241225,2024-12-25 00:00:00,EUR,USD,1.0287
20241225,2024-12-25 00:00:00,EUR,GBP,0.8779
20241226,2024-12-26 00:00:00,EUR,USD,1.0276
20241226,2024-12-26 00:00:00,EUR,GBP,0.8723
20241227,2024-12-27 00:00:00,EUR,USD,1.0203
20241227,2024-12-27 00:00:00,EUR,GBP,0.8727
20241228,2024-12-28 00:00:00,EUR,USD,1.0191
20241228,2024-12-28 00:00:00,EUR,GBP,0.8782
20241229,2024-12-29 00:00:00,EUR,USD,1.0318
20241229,2024-12-29 00:00:00,EUR,GBP,0.8737
20241230,2024-12-30 00:00:00,EUR,USD,1.0248
20241230,2024-12-30 00:00:00,EUR,GBP,0.8755
20241231,2024-12-31 00:00:00,EUR,USD,1.0246
20241231,2024-12-31 00:00:00,EUR,GBP,0.8743
20250101,2025-01-01 00:00:00,EUR,USD,1.0537
20250101,2025-01-01 00:00:00,EUR,GBP,0.8771
20250102,2025-01-02 00:00:00,EUR,USD,1.0531
20250102,2025-01-02 00:00:00,EUR,GBP,0.8892
20250103,2025-01-03 00:00:00,EUR,USD,1.0461
20250103,2025-01-03 00:00:00,EUR,GBP,0.8766
20250104,2025-01-04 00:00:00,EUR,USD,1.0554
20250104,2025-01-04 00:00:00,EUR,GBP,0.8773
20250105,2025-01-05 00:00:00,EUR,USD,1.0606
20250105,2025-01-05 00:00:00,EUR,GBP,0.8812
20250106,2025-01-06 00:00:00,EUR,USD,1.0602
20250106,2025-01-06 00:00:00,EUR,GBP,0.8792
20250107,2025-01-07 00:00:00,EUR,USD,1.0526
20250107,2025-01-07 00:00:00,EUR,GBP,0.8801
20250108,2025-01-08 00:00:00,EUR,USD,1.0641
20250108,2025-01-08 00:00:00,EUR,GBP,0.8749
20250109,2025-01-09 00:00:00,EUR,USD,1.0729
20250109,2025-01-09 00:00:00,EUR,GBP,0.8767
20250110,2025-01-10 00:00:00,EUR,USD,1.0675
20250110,2025-01-10 00:00:00,EUR,GBP,0.8762
20250111,2025-01-11 00:00:00,EUR,USD,1.0597
20250111,2025-01-11 00:00:00,EUR,GBP,0.8715
20250112,2025-01-12 00:00:00,EUR,USD,1.0681
20250112,2025-01-12 00:00:00,EUR,GBP,0.8787
20250113,2025-01-13 00:00:00,EUR,USD,1.0687
20250113,2025-01-13 00:00:00,EUR,GBP,0.8747
20250114,2025-01-14 00:00:00,EUR,USD,1.0748
20250114,2025-01-14 00:00:00,EUR,GBP,0.8697
20250115,2025-01-15 00:00:00,EUR,USD,1.0693
20250115,2025-01-15 00:00:00,EUR,GBP,0.8692
20250116,2025-01-16 00:00:00,EUR,USD,1.0717
20250116,2025-01-16 00:00:00,EUR,GBP,0.8666
20250117,2025-01-17 00:00:00,EUR,USD,1.0812
20250117,2025-01-17 00:00:00,EUR,GBP,0.8721
20250118,2025-01-18 00:00:00,EUR,USD,1.0728
20250118,2025-01-18 00:00:00,EUR,GBP,0.8693
20250119,2025-01-19 00:00:00,EUR,USD,1.078
20250119,2025-01-19 00:00:00,EUR,GBP,0.867
20250120,2025-01-20 00:00:00,EUR,USD,1.0811
20250120,2025-01-20 00:00:00,EUR,GBP,0.8603
20250121,2025-01-21 00:00:00,EUR,USD,1.0723
20250121,2025-01-21 00:00:00,EUR,GBP,0.865
20250122,2025-01-22 00:00:00,EUR,USD,1.0815
20250122,2025-01-22 00:00:00,EUR,GBP,0.8627
20250123,2025-01-23 00:00:00,EUR,USD,1.0814
20250123,2025-01-23 00:00:00,EUR,GBP,0.8622
20250124,2025-01-24 00:00:00,EUR,USD,1.0775
20250124,2025-01-24 00:00:00,EUR,GBP,0.861
20250125,2025-01-25 00:00:00,EUR,USD,1.0742
20250125,2025-01-25 00:00:00,EUR,GBP,0.8565
20250126,2025-01-26 00:00:00,EUR,USD,1.0857
20250126,2025-01-26 00:00:00,EUR,GBP,0.8507
20250127,2025-01-27 00:00:00,EUR,USD,1.0955
20250127,2025-01-27 00:00:00,EUR,GBP,0.8562
20250128,2025-01-28 00:00:00,EUR,USD,1.0864
20250128,2025-01-28 00:00:00,EUR,GBP,0.8626
20250129,2025-01-29 00:00:00,EUR,USD,1.0923
20250129,2025-01-29 00:00:00,EUR,GBP,0.855
20250130,2025-01-30 00:00:00,EUR,USD,1.0909
20250130,2025-01-30 00:00:00,EUR,GBP,0.8499
20250131,2025-01-31 00:00:00,EUR,USD,1.0939
20250131,2025-01-31 00:00:00,EUR,GBP,0.8392
20250201,2025-02-01 00:00:00,EUR,USD,1.0843
20250201,2025-02-01 00:00:00,EUR,GBP,0.843
20250202,2025-02-02 00:00:00,EUR,USD,1.0825
20250202,2025-02-02 00:00:00,EUR,GBP,0.8494
20250203,2025-02-03 00:00:00,EUR,USD,1.0913
20250203,2025-02-03 00:00:00,EUR,GBP,0.8507
20250204,2025-02-04 00:00:00,EUR,USD,1.0945
20250204,2025-02-04 00:00:00,EUR,GBP,0.8408
20250205,2025-02-05 00:00:00,EUR,USD,1.0954
20250205,2025-02-05 00:00:00,EUR,GBP,0.847
20250206,2025-02-06 00:00:00,EUR,USD,1.0951
20250206,2025-02-06 00:00:00,EUR,GBP,0.8461
20250207,2025-02-07 00:00:00,EUR,USD,1.1024
20250207,2025-02-07 00:00:00,EUR,GBP,0.8373
20250208,2025-02-08 00:00:00,EUR,USD,1.0949
20250208,2025-02-08 00:00:00,EUR,GBP,0.836
20250209,2025-02-09 00:00:00,EUR,USD,1.0917
20250209,2025-02-09 00:00:00,EUR,GBP,0.8309
20250210,2025-02-10 00:00:00,EUR,USD,1.0956
20250210,2025-02-10 00:00:00,EUR,GBP,0.8257
20250211,2025-02-11 00:00:00,EUR,USD,1.0927
20250211,2025-02-11 00:00:00,EUR,GBP,0.8361
20250212,2025-02-12 00:00:00,EUR,USD,1.0917
20250212,2025-02-12 00:00:00,EUR,GBP,0.838
20250213,2025-02-13 00:00:00,EUR,USD,1.1018
20250213,2025-02-13 00:00:00,EUR,GBP,0.839
20250214,2025-02-14 00:00:00,EUR,USD,1.1092
20250214,2025-02-14 00:00:00,EUR,GBP,0.8333
20250215,2025-02-15 00:00:00,EUR,USD,1.096
20250215,2025-02-15 00:00:00,EUR,GBP,0.8226
20250216,2025-02-16 00:00:00,EUR,USD,1.0916
20250216,2025-02-16 00:00:00,EUR,GBP,0.836
20250217,2025-02-17 00:00:00,EUR,USD,1.0915
20250217,2025-02-17 00:00:00,EUR,GBP,0.8262
20250218,2025-02-18 00:00:00,EUR,USD,1.1049
20250218,2025-02-18 00:00:00,EUR,GBP,0.8226
20250219,2025-02-19 00:00:00,EUR,USD,1.1054
20250219,2025-02-19 00:00:00,EUR,GBP,0.8249
20250220,2025-02-20 00:00:00,EUR,USD,1.0997
20250220,2025-02-20 00:00:00,EUR,GBP,0.8232
20250221,2025-02-21 00:00:00,EUR,USD,1.0938
20250221,2025-02-21 00:00:00,EUR,GBP,0.8263
20250222,2025-02-22 00:00:00,EUR,USD,1.1009
20250222,2025-02-22 00:00:00,EUR,GBP,0.8257
20250223,2025-02-23 00:00:00,EUR,USD,1.1028
20250223,2025-02-23 00:00:00,EUR,GBP,0.8204
20250224,2025-02-24 00:00:00,EUR,USD,1.1001
20250224,2025-02-24 00:00:00,EUR,GBP,0.8251
20250225,2025-02-25 00:00:00,EUR,USD,1.0989
20250225,2025-02-25 00:00:00,EUR,GBP,0.8193
20250226,2025-02-26 00:00:00,EUR,USD,1.0982
20250226,2025-02-26 00:00:00,EUR,GBP,0.8125
20250227,2025-02-27 00:00:00,EUR,USD,1.0977
20250227,2025-02-27 00:00:00,EUR,GBP,0.8157
20250228,2025-02-28 00:00:00,EUR,USD,1.0953
20250228,2025-02-28 00:00:00,EUR,GBP,0.8181
20250301,2025-03-01 00:00:00,EUR,USD,1.0948
20250301,2025-03-01 00:00:00,EUR,GBP,0.8133
20250302,2025-03-02 00:00:00,EUR,USD,1.0973
20250302,2025-03-02 00:00:00,EUR,GBP,0.823
20250303,2025-03-03 00:00:00,EUR,USD,1.0881
20250303,2025-03-03 00:00:00,EUR,GBP,0.8138
20250304,2025-03-04 00:00:00,EUR,USD,1.0877
20250304,2025-03-04 00:00:00,EUR,GBP,0.8222
20250305,2025-03-05 00:00:00,EUR,USD,1.091
20250305,2025-03-05 00:00:00,EUR,GBP,0.8185
20250306,2025-03-06 00:00:00,EUR,USD,1.0897
20250306,2025-03-06 00:00:00,EUR,GBP,0.8167
20250307,2025-03-07 00:00:00,EUR,USD,1.0911
20250307,2025-03-07 00:00:00,EUR,GBP,0.8257
20250308,2025-03-08 00:00:00,EUR,USD,1.084
20250308,2025-03-08 00:00:00,EUR,GBP,0.8224
20250309,2025-03-09 00:00:00,EUR,USD,1.0872
20250309,2025-03-09 00:00:00,EUR,GBP,0.82
20250310,2025-03-10 00:00:00,EUR,USD,1.0932
20250310,2025-03-10 00:00:00,EUR,GBP,0.8246
20250311,2025-03-11 00:00:00,EUR,USD,1.0853
20250311,2025-03-11 00:00:00,EUR,GBP,0.8249
20250312,2025-03-12 00:00:00,EUR,USD,1.0755
20250312,2025-03-12 00:00:00,EUR,GBP,0.8129
20250313,2025-03-13 00:00:00,EUR,USD,1.0793
20250313,2025-03-13 00:00:00,EUR,GBP,0.8183
20250314,2025-03-14 00:00:00,EUR,USD,1.0804
20250314,2025-03-14 00:00:00,EUR,GBP,0.8276
20250315,2025-03-15 00:00:00,EUR,USD,1.0793
20250315,2025-03-15 00:00:00,EUR,GBP,0.8276
20250316,2025-03-16 00:00:00,EUR,USD,1.0836
20250316,2025-03-16 00:00:00,EUR,GBP,0.8176
20250317,2025-03-17 00:00:00,EUR,USD,1.0812
20250317,2025-03-17 00:00:00,EUR,GBP,0.8303
20250318,2025-03-18 00:00:00,EUR,USD,1.0825
20250318,2025-03-18 00:00:00,EUR,GBP,0.8262
20250319,2025-03-19 00:00:00,EUR,USD,1.0754
20250319,2025-03-19 00:00:00,EUR,GBP,0.8282
20250320,2025-03-20 00:00:00,EUR,USD,1.0732
20250320,2025-03-20 00:00:00,EUR,GBP,0.8246
20250321,2025-03-21 00:00:00,EUR,USD,1.0681
20250321,2025-03-21 00:00:00,EUR,GBP,0.8323
20250322,2025-03-22 00:00:00,EUR,USD,1.07
20250322,2025-03-22 00:00:00,EUR,GBP,0.8314
20250323,2025-03-23 00:00:00,EUR,USD,1.0747
20250323,2025-03-23 00:00:00,EUR,GBP,0.8325
20250324,2025-03-24 00:00:00,EUR,USD,1.0619
20250324,2025-03-24 00:00:00,EUR,GBP,0.8423
20250325,2025-03-25 00:00:00,EUR,USD,1.0646
20250325,2025-03-25 00:00:00,EUR,GBP,0.8333
20250326,2025-03-26 00:00:00,EUR,USD,1.0659
20250326,2025-03-26 00:00:00,EUR,GBP,0.8355
20250327,2025-03-27 00:00:00,EUR,USD,1.0626
20250327,2025-03-27 00:00:00,EUR,GBP,0.8352
20250328,2025-03-28 00:00:00,EUR,USD,1.0662
20250328,2025-03-28 00:00:00,EUR,GBP,0.8433
20250329,2025-03-29 00:00:00,EUR,USD,1.0688
20250329,2025-03-29 00:00:00,EUR,GBP,0.8481
20250330,2025-03-30 00:00:00,EUR,USD,1.0482
20250330,2025-03-30 00:00:00,EUR,GBP,0.8441
20250331,2025-03-31 00:00:00,EUR,USD,1.0505
20250331,2025-03-31 00:00:00,EUR,GBP,0.8483
20250401,2025-04-01 00:00:00,EUR,USD,1.0564
20250401,2025-04-01 00:00:00,EUR,GBP,0.8417
20250402,2025-04-02 00:00:00,EUR,USD,1.0474
20250402,2025-04-02 00:00:00,EUR,GBP,0.8435
20250403,2025-04-03 00:00:00,EUR,USD,1.0474
20250403,2025-04-03 00:00:00,EUR,GBP,0.8529
20250404,2025-04-04 00:00:00,EUR,USD,1.0501
20250404,2025-04-04 00:00:00,EUR,GBP,0.8451
20250405,2025-04-05 00:00:00,EUR,USD,1.0502
20250405,2025-04-05 00:00:00,EUR,GBP,0.8522
20250406,2025-04-06 00:00:00,EUR,USD,1.0458
20250406,2025-04-06 00:00:00,EUR,GBP,0.8571
20250407,2025-04-07 00:00:00,EUR,USD,1.0478
20250407,2025-04-07 00:00:00,EUR,GBP,0.8557
20250408,2025-04-08 00:00:00,EUR,USD,1.034
20250408,2025-04-08 00:00:00,EUR,GBP,0.8539
20250409,2025-04-09 00:00:00,EUR,USD,1.045
20250409,2025-04-09 00:00:00,EUR,GBP,0.8582
20250410,2025-04-10 00:00:00,EUR,USD,1.0405
20250410,2025-04-10 00:00:00,EUR,GBP,0.8609
20250411,2025-04-11 00:00:00,EUR,USD,1.0407
20250411,2025-04-11 00:00:00,EUR,GBP,0.8628
20250412,2025-04-12 00:00:00,EUR,USD,1.0388
20250412,2025-04-12 00:00:00,EUR,GBP,0.8641
20250413,2025-04-13 00:00:00,EUR,USD,1.0388
20250413,2025-04-13 00:00:00,EUR,GBP,0.8624
20250414,2025-04-14 00:00:00,EUR,USD,1.0339
20250414,2025-04-14 00:00:00,EUR,GBP,0.8644
20250415,2025-04-15 00:00:00,EUR,USD,1.0262
20250415,2025-04-15 00:00:00,EUR,GBP,0.8592
20250416,2025-04-16 00:00:00,EUR,USD,1.0334
20250416,2025-04-16 00:00:00,EUR,GBP,0.8689
20250417,2025-04-17 00:00:00,EUR,USD,1.0293
20250417,2025-04-17 00:00:00,EUR,GBP,0.8693
20250418,2025-04-18 00:00:00,EUR,USD,1.0312
20250418,2025-04-18 00:00:00,EUR,GBP,0.8708
20250419,2025-04-19 00:00:00,EUR,USD,1.0292
20250419,2025-04-19 00:00:00,EUR,GBP,0.865
20250420,2025-04-20 00:00:00,EUR,USD,1.0332
20250420,2025-04-20 00:00:00,EUR,GBP,0.8726
20250421,2025-04-21 00:00:00,EUR,USD,1.0282
20250421,2025-04-21 00:00:00,EUR,GBP,0.8746
20250422,2025-04-22 00:00:00,EUR,USD,1.017
20250422,2025-04-22 00:00:00,EUR,GBP,0.8705
20250423,2025-04-23 00:00:00,EUR,USD,1.0181
20250423,2025-04-23 00:00:00,EUR,GBP,0.8788
20250424,2025-04-24 00:00:00,EUR,USD,1.0146
20250424,2025-04-24 00:00:00,EUR,GBP,0.87
20250425,2025-04-25 00:00:00,EUR,USD,1.0203
20250425,2025-04-25 00:00:00,EUR,GBP,0.8828
20250426,2025-04-26 00:00:00,EUR,USD,1.0126
20250426,2025-04-26 00:00:00,EUR,GBP,0.8823
20250427,2025-04-27 00:00:00,EUR,USD,1.0193
20250427,2025-04-27 00:00:00,EUR,GBP,0.8755
20250428,2025-04-28 00:00:00,EUR,USD,1.0078
20250428,2025-04-28 00:00:00,EUR,GBP,0.8765
20250429,2025-04-29 00:00:00,EUR,USD,1.0093
20250429,2025-04-29 00:00:00,EUR,GBP,0.8832
20250430,2025-04-30 00:00:00,EUR,USD,1.012
20250430,2025-04-30 00:00:00,EUR,GBP,0.8807
20250501,2025-05-01 00:00:00,EUR,USD,1.0135
20250501,2025-05-01 00:00:00,EUR,GBP,0.8766
20250502,2025-05-02 00:00:00,EUR,USD,1.0104
20250502,2025-05-02 00:00:00,EUR,GBP,0.8835
20250503,2025-05-03 00:00:00,EUR,USD,1.0087
20250503,2025-05-03 00:00:00,EUR,GBP,0.8787
20250504,2025-05-04 00:00:00,EUR,USD,1.0116
20250504,2025-05-04 00:00:00,EUR,GBP,0.8747
20250505,2025-05-05 00:00:00,EUR,USD,0.9962
20250505,2025-05-05 00:00:00,EUR,GBP,0.8811
20250506,2025-05-06 00:00:00,EUR,USD,1.0115
20250506,2025-05-06 00:00:00,EUR,GBP,0.8872
20250507,2025-05-07 00:00:00,EUR,USD,1.0066
20250507,2025-05-07 00:00:00,EUR,GBP,0.8832
20250508,2025-05-08 00:00:00,EUR,USD,1.0115
20250508,2025-05-08 00:00:00,EUR,GBP,0.8799
20250509,2025-05-09 00:00:00,EUR,USD,1.001
20250509,2025-05-09 00:00:00,EUR,GBP,0.8766
20250510,2025-05-10 00:00:00,EUR,USD,1.0021
20250510,2025-05-10 00:00:00,EUR,GBP,0.8851
20250511,2025-05-11 00:00:00,EUR,USD,1.0076
20250511,2025-05-11 00:00:00,EUR,GBP,0.8781
20250512,2025-05-12 00:00:00,EUR,USD,1.0086
20250512,2025-05-12 00:00:00,EUR,GBP,0.8803
20250513,2025-05-13 00:00:00,EUR,USD,1.0008
20250513,2025-05-13 00:00:00,EUR,GBP,0.8787
20250514,2025-05-14 00:00:00,EUR,USD,1.0035
20250514,2025-05-14 00:00:00,EUR,GBP,0.878
20250515,2025-05-15 00:00:00,EUR,USD,1.0098
20250515,2025-05-15 00:00:00,EUR,GBP,0.8762
20250516,2025-05-16 00:00:00,EUR,USD,0.9939
20250516,2025-05-16 00:00:00,EUR,GBP,0.8773
20250517,2025-05-17 00:00:00,EUR,USD,0.9991
20250517,2025-05-17 00:00:00,EUR,GBP,0.8699
20250518,2025-05-18 00:00:00,EUR,USD,1.0036
20250518,2025-05-18 00:00:00,EUR,GBP,0.86
20250519,2025-05-19 00:00:00,EUR,USD,1.0016
20250519,2025-05-19 00:00:00,EUR,GBP,0.8641
20250520,2025-05-20 00:00:00,EUR,USD,1.0001
20250520,2025-05-20 00:00:00,EUR,GBP,0.8748
20250521,2025-05-21 00:00:00,EUR,USD,1.0037
20250521,2025-05-21 00:00:00,EUR,GBP,0.8748
20250522,2025-05-22 00:00:00,EUR,USD,0.9947
20250522,2025-05-22 00:00:00,EUR,GBP,0.8713
20250523,2025-05-23 00:00:00,EUR,USD,0.9966
20250523,2025-05-23 00:00:00,EUR,GBP,0.8664
20250524,2025-05-24 00:00:00,EUR,USD,0.9996
20250524,2025-05-24 00:00:00,EUR,GBP,0.8666
20250525,2025-05-25 00:00:00,EUR,USD,0.9952
20250525,2025-05-25 00:00:00,EUR,GBP,0.8683
20250526,2025-05-26 00:00:00,EUR,USD,1.0033
20250526,2025-05-26 00:00:00,EUR,GBP,0.8623
20250527,2025-05-27 00:00:00,EUR,USD,1.0
20250527,2025-05-27 00:00:00,EUR,GBP,0.8638
20250528,2025-05-28 00:00:00,EUR,USD,1.0005
20250528,2025-05-28 00:00:00,EUR,GBP,0.8629
20250529,2025-05-29 00:00:00,EUR,USD,1.0031
20250529,2025-05-29 00:00:00,EUR,GBP,0.8665
20250530,2025-05-30 00:00:00,EUR,USD,1.0027
20250530,2025-05-30 00:00:00,EUR,GBP,0.8584
20250531,2025-05-31 00:00:00,EUR,USD,1.0025
20250531,2025-05-31 00:00:00,EUR,GBP,0.8547
20250601,2025-06-01 00:00:00,EUR,USD,0.9986
20250601,2025-06-01 00:00:00,EUR,GBP,0.8593
20250602,2025-06-02 00:00:00,EUR,USD,0.9881
20250602,2025-06-02 00:00:00,EUR,GBP,0.8552
20250603,2025-06-03 00:00:00,EUR,USD,1.009
20250603,2025-06-03 00:00:00,EUR,GBP,0.8562
20250604,2025-06-04 00:00:00,EUR,USD,1.0094
20250604,2025-06-04 00:00:00,EUR,GBP,0.8545
20250605,2025-06-05 00:00:00,EUR,USD,1.0158
20250605,2025-06-05 00:00:00,EUR,GBP,0.8467
20250606,2025-06-06 00:00:00,EUR,USD,1.0072
20250606,2025-06-06 00:00:00,EUR,GBP,0.853
20250607,2025-06-07 00:00:00,EUR,USD,1.0054
20250607,2025-06-07 00:00:00,EUR,GBP,0.8533
20250608,2025-06-08 00:00:00,EUR,USD,1.0114
20250608,2025-06-08 00:00:00,EUR,GBP,0.8412
20250609,2025-06-09 00:00:00,EUR,USD,1.0111
20250609,2025-06-09 00:00:00,EUR,GBP,0.8481
20250610,2025-06-10 00:00:00,EUR,USD,1.0185
20250610,2025-06-10 00:00:00,EUR,GBP,0.8434
20250611,2025-06-11 00:00:00,EUR,USD,1.0142
20250611,2025-06-11 00:00:00,EUR,GBP,0.8437
20250612,2025-06-12 00:00:00,EUR,USD,1.0096
20250612,2025-06-12 00:00:00,EUR,GBP,0.8399
20250613,2025-06-13 00:00:00,EUR,USD,1.0026
20250613,2025-06-13 00:00:00,EUR,GBP,0.8379
20250614,2025-06-14 00:00:00,EUR,USD,1.0226
20250614,2025-06-14 00:00:00,EUR,GBP,0.8377
20250615,2025-06-15 00:00:00,EUR,USD,1.0201
20250615,2025-06-15 00:00:00,EUR,GBP,0.838
20250616,2025-06-16 00:00:00,EUR,USD,1.0193
20250616,2025-06-16 00:00:00,EUR,GBP,0.8437
20250617,2025-06-17 00:00:00,EUR,USD,1.0164
20250617,2025-06-17 00:00:00,EUR,GBP,0.8328
20250618,2025-06-18 00:00:00,EUR,USD,1.0252
20250618,2025-06-18 00:00:00,EUR,GBP,0.8328
20250619,2025-06-19 00:00:00,EUR,USD,1.0197
20250619,2025-06-19 00:00:00,EUR,GBP,0.8358
20250620,2025-06-20 00:00:00,EUR,USD,1.0238
20250620,2025-06-20 00:00:00,EUR,GBP,0.8302
20250621,2025-06-21 00:00:00,EUR,USD,1.0222
20250621,2025-06-21 00:00:00,EUR,GBP,0.8263
20250622,2025-06-22 00:00:00,EUR,USD,1.0176
20250622,2025-06-22 00:00:00,EUR,GBP,0.833
20250623,2025-06-23 00:00:00,EUR,USD,1.0246
20250623,2025-06-23 00:00:00,EUR,GBP,0.8207
20250624,2025-06-24 00:00:00,EUR,USD,1.0372
20250624,2025-06-24 00:00:00,EUR,GBP,0.8269
20250625,2025-06-25 00:00:00,EUR,USD,1.0299
20250625,2025-06-25 00:00:00,EUR,GBP,0.8193
20250626,2025-06-26 00:00:00,EUR,USD,1.0342
20250626,2025-06-26 00:00:00,EUR,GBP,0.8227
20250627,2025-06-27 00:00:00,EUR,USD,1.0302
20250627,2025-06-27 00:00:00,EUR,GBP,0.8257
20250628,2025-06-28 00:00:00,EUR,USD,1.035
20250628,2025-06-28 00:00:00,EUR,GBP,0.8194
20250629,2025-06-29 00:00:00,EUR,USD,1.0289
20250629,2025-06-29 00:00:00,EUR,GBP,0.8233
20250630,2025-06-30 00:00:00,EUR,USD,1.038
20250630,2025-06-30 00:00:00,EUR,GBP,0.8325
20250701,2025-07-01 00:00:00,EUR,USD,1.028
20250701,2025-07-01 00:00:00,EUR,GBP,0.8222
20250702,2025-07-02 00:00:00,EUR,USD,1.0328
20250702,2025-07-02 00:00:00,EUR,GBP,0.8195
20250703,2025-07-03 00:00:00,EUR,USD,1.0404
20250703,2025-07-03 00:00:00,EUR,GBP,0.8229
20250704,2025-07-04 00:00:00,EUR,USD,1.047
20250704,2025-07-04 00:00:00,EUR,GBP,0.8259
20250705,2025-07-05 00:00:00,EUR,USD,1.0471
20250705,2025-07-05 00:00:00,EUR,GBP,0.8242
20250706,2025-07-06 00:00:00,EUR,USD,1.0544
20250706,2025-07-06 00:00:00,EUR,GBP,0.8211
20250707,2025-07-07 00:00:00,EUR,USD,1.055
20250707,2025-07-07 00:00:00,EUR,GBP,0.8209
20250708,2025-07-08 00:00:00,EUR,USD,1.0508
20250708,2025-07-08 00:00:00,EUR,GBP,0.8174
20250709,2025-07-09 00:00:00,EUR,USD,1.0544
20250709,2025-07-09 00:00:00,EUR,GBP,0.8215
20250710,2025-07-10 00:00:00,EUR,USD,1.056
20250710,2025-07-10 00:00:00,EUR,GBP,0.8248
20250711,2025-07-11 00:00:00,EUR,USD,1.0604
20250711,2025-07-11 00:00:00,EUR,GBP,0.8146
20250712,2025-07-12 00:00:00,EUR,USD,1.0502
20250712,2025-07-12 00:00:00,EUR,GBP,0.8213
20250713,2025-07-13 00:00:00,EUR,USD,1.0542
20250713,2025-07-13 00:00:00,EUR,GBP,0.8207
20250714,2025-07-14 00:00:00,EUR,USD,1.0562
20250714,2025-07-14 00:00:00,EUR,GBP,0.822
20250715,2025-07-15 00:00:00,EUR,USD,1.0573
20250715,2025-07-15 00:00:00,EUR,GBP,0.8237
20250716,2025-07-16 00:00:00,EUR,USD,1.0586
20250716,2025-07-16 00:00:00,EUR,GBP,0.8232
20250717,2025-07-17 00:00:00,EUR,USD,1.0571
20250717,2025-07-17 00:00:00,EUR,GBP,0.8188
20250718,2025-07-18 00:00:00,EUR,USD,1.0707
20250718,2025-07-18 00:00:00,EUR,GBP,0.8292
20250719,2025-07-19 00:00:00,EUR,USD,1.0733
20250719,2025-07-19 00:00:00,EUR,GBP,0.8279
20250720,2025-07-20 00:00:00,EUR,USD,1.0777
20250720,2025-07-20 00:00:00,EUR,GBP,0.8295
20250721,2025-07-21 00:00:00,EUR,USD,1.0641
20250721,2025-07-21 00:00:00,EUR,GBP,0.8304
20250722,2025-07-22 00:00:00,EUR,USD,1.0779
20250722,2025-07-22 00:00:00,EUR,GBP,0.8201
20250723,2025-07-23 00:00:00,EUR,USD,1.0713
20250723,2025-07-23 00:00:00,EUR,GBP,0.8349
20250724,2025-07-24 00:00:00,EUR,USD,1.0755
20250724,2025-07-24 00:00:00,EUR,GBP,0.8251
20250725,2025-07-25 00:00:00,EUR,USD,1.0819
20250725,2025-07-25 00:00:00,EUR,GBP,0.8297
20250726,2025-07-26 00:00:00,EUR,USD,1.077
20250726,2025-07-26 00:00:00,EUR,GBP,0.8354
20250727,2025-07-27 00:00:00,EUR,USD,1.0823
20250727,2025-07-27 00:00:00,EUR,GBP,0.8327
20250728,2025-07-28 00:00:00,EUR,USD,1.0832
20250728,2025-07-28 00:00:00,EUR,GBP,0.8337
20250729,2025-07-29 00:00:00,EUR,USD,1.0874
20250729,2025-07-29 00:00:00,EUR,GBP,0.8301
20250730,2025-07-30 00:00:00,EUR,USD,1.0831
20250730,2025-07-30 00:00:00,EUR,GBP,0.8354
20250731,2025-07-31 00:00:00,EUR,USD,1.0868
20250731,2025-07-31 00:00:00,EUR,GBP,0.8339
20250801,2025-08-01 00:00:00,EUR,USD,1.0939
20250801,2025-08-01 00:00:00,EUR,GBP,0.8369
20250802,2025-08-02 00:00:00,EUR,USD,1.0929
20250802,2025-08-02 00:00:00,EUR,GBP,0.8437
20250803,2025-08-03 00:00:00,EUR,USD,1.0897
20250803,2025-08-03 00:00:00,EUR,GBP,0.8437
20250804,2025-08-04 00:00:00,EUR,USD,1.0804
20250804,2025-08-04 00:00:00,EUR,GBP,0.8422
20250805,2025-08-05 00:00:00,EUR,USD,1.1069
20250805,2025-08-05 00:00:00,EUR,GBP,0.8465
20250806,2025-08-06 00:00:00,EUR,USD,1.0937
20250806,2025-08-06 00:00:00,EUR,GBP,0.8395
20250807,2025-08-07 00:00:00,EUR,USD,1.0913
20250807,2025-08-07 00:00:00,EUR,GBP,0.8472
20250808,2025-08-08 00:00:00,EUR,USD,1.0897
20250808,2025-08-08 00:00:00,EUR,GBP,0.8524
20250809,2025-08-09 00:00:00,EUR,USD,1.092
20250809,2025-08-09 00:00:00,EUR,GBP,0.8487
20250810,2025-08-10 00:00:00,EUR,USD,1.0876
20250810,2025-08-10 00:00:00,EUR,GBP,0.8487
20250811,2025-08-11 00:00:00,EUR,USD,1.0907
20250811,2025-08-11 00:00:00,EUR,GBP,0.8532
20250812,2025-08-12 00:00:00,EUR,USD,1.0938
20250812,2025-08-12 00:00:00,EUR,GBP,0.8536
20250813,2025-08-13 00:00:00,EUR,USD,1.0885
20250813,2025-08-13 00:00:00,EUR,GBP,0.8535
20250814,2025-08-14 00:00:00,EUR,USD,1.0981
20250814,2025-08-14 00:00:00,EUR,GBP,0.8648
20250815,2025-08-15 00:00:00,EUR,USD,1.106
20250815,2025-08-15 00:00:00,EUR,GBP,0.8684
20250816,2025-08-16 00:00:00,EUR,USD,1.0997
20250816,2025-08-16 00:00:00,EUR,GBP,0.8616
20250817,2025-08-17 00:00:00,EUR,USD,1.102
20250817,2025-08-17 00:00:00,EUR,GBP,0.8617
20250818,2025-08-18 00:00:00,EUR,USD,1.1031
20250818,2025-08-18 00:00:00,EUR,GBP,0.8639
20250819,2025-08-19 00:00:00,EUR,USD,1.1008
20250819,2025-08-19 00:00:00,EUR,GBP,0.8629
20250820,2025-08-20 00:00:00,EUR,USD,1.1045
20250820,2025-08-20 00:00:00,EUR,GBP,0.8631
20250821,2025-08-21 00:00:00,EUR,USD,1.0966
20250821,2025-08-21 00:00:00,EUR,GBP,0.8669
20250822,2025-08-22 00:00:00,EUR,USD,1.0957
20250822,2025-08-22 00:00:00,EUR,GBP,0.8717
20250823,2025-08-23 00:00:00,EUR,USD,1.1006
20250823,2025-08-23 00:00:00,EUR,GBP,0.8666
20250824,2025-08-24 00:00:00,EUR,USD,1.0974
20250824,2025-08-24 00:00:00,EUR,GBP,0.8722
20250825,2025-08-25 00:00:00,EUR,USD,1.101
20250825,2025-08-25 00:00:00,EUR,GBP,0.8688
20250826,2025-08-26 00:00:00,EUR,USD,1.0999
20250826,2025-08-26 00:00:00,EUR,GBP,0.8761
20250827,2025-08-27 00:00:00,EUR,USD,1.0982
20250827,2025-08-27 00:00:00,EUR,GBP,0.8704
20250828,2025-08-28 00:00:00,EUR,USD,1.1061
20250828,2025-08-28 00:00:00,EUR,GBP,0.8778
20250829,2025-08-29 00:00:00,EUR,USD,1.0971
20250829,2025-08-29 00:00:00,EUR,GBP,0.8765
20250830,2025-08-30 00:00:00,EUR,USD,1.0971
20250830,2025-08-30 00:00:00,EUR,GBP,0.8728
20250831,2025-08-31 00:00:00,EUR,USD,1.1019
20250831,2025-08-31 00:00:00,EUR,GBP,0.8841
20250901,2025-09-01 00:00:00,EUR,USD,1.1026
20250901,2025-09-01 00:00:00,EUR,GBP,0.879
20250902,2025-09-02 00:00:00,EUR,USD,1.096
20250902,2025-09-02 00:00:00,EUR,GBP,0.8679
20250903,2025-09-03 00:00:00,EUR,USD,1.1049
20250903,2025-09-03 00:00:00,EUR,GBP,0.8763
20250904,2025-09-04 00:00:00,EUR,USD,1.1006
20250904,2025-09-04 00:00:00,EUR,GBP,0.8831
20250905,2025-09-05 00:00:00,EUR,USD,1.1004
20250905,2025-09-05 00:00:00,EUR,GBP,0.874
20250906,2025-09-06 00:00:00,EUR,USD,1.1
20250906,2025-09-06 00:00:00,EUR,GBP,0.8779
20250907,2025-09-07 00:00:00,EUR,USD,1.0939
20250907,2025-09-07 00:00:00,EUR,GBP,0.8795
20250908,2025-09-08 00:00:00,EUR,USD,1.0905
20250908,2025-09-08 00:00:00,EUR,GBP,0.8788
20250909,2025-09-09 00:00:00,EUR,USD,1.0934
20250909,2025-09-09 00:00:00,EUR,GBP,0.8762
20250910,2025-09-10 00:00:00,EUR,USD,1.0837
20250910,2025-09-10 00:00:00,EUR,GBP,0.8835
20250911,2025-09-11 00:00:00,EUR,USD,1.0923
20250911,2025-09-11 00:00:00,EUR,GBP,0.8723
20250912,2025-09-12 00:00:00,EUR,USD,1.092
20250912,2025-09-12 00:00:00,EUR,GBP,0.8788
20250913,2025-09-13 00:00:00,EUR,USD,1.0824
20250913,2025-09-13 00:00:00,EUR,GBP,0.877
20250914,2025-09-14 00:00:00,EUR,USD,1.0897
20250914,2025-09-14 00:00:00,EUR,GBP,0.8748
20250915,2025-09-15 00:00:00,EUR,USD,1.0816
20250915,2025-09-15 00:00:00,EUR,GBP,0.8761
20250916,2025-09-16 00:00:00,EUR,USD,1.0808
20250916,2025-09-16 00:00:00,EUR,GBP,0.8734
20250917,2025-09-17 00:00:00,EUR,USD,1.0788
20250917,2025-09-17 00:00:00,EUR,GBP,0.879
20250918,2025-09-18 00:00:00,EUR,USD,1.0786
20250918,2025-09-18 00:00:00,EUR,GBP,0.8809
20250919,2025-09-19 00:00:00,EUR,USD,1.0927
20250919,2025-09-19 00:00:00,EUR,GBP,0.8752
20250920,2025-09-20 00:00:00,EUR,USD,1.0907
20250920,2025-09-20 00:00:00,EUR,GBP,0.8772
20250921,2025-09-21 00:00:00,EUR,USD,1.0801
20250921,2025-09-21 00:00:00,EUR,GBP,0.8739
20250922,2025-09-22 00:00:00,EUR,USD,1.0681
20250922,2025-09-22 00:00:00,EUR,GBP,0.8715
20250923,2025-09-23 00:00:00,EUR,USD,1.0709
20250923,2025-09-23 00:00:00,EUR,GBP,0.8758
20250924,2025-09-24 00:00:00,EUR,USD,1.0836
20250924,2025-09-24 00:00:00,EUR,GBP,0.8721
20250925,2025-09-25 00:00:00,EUR,USD,1.0749
20250925,2025-09-25 00:00:00,EUR,GBP,0.874
20250926,2025-09-26 00:00:00,EUR,USD,1.0727
20250926,2025-09-26 00:00:00,EUR,GBP,0.8738
20250927,2025-09-27 00:00:00,EUR,USD,1.0824
20250927,2025-09-27 00:00:00,EUR,GBP,0.8736
20250928,2025-09-28 00:00:00,EUR,USD,1.066
20250928,2025-09-28 00:00:00,EUR,GBP,0.87
20250929,2025-09-29 00:00:00,EUR,USD,1.0642
20250929,2025-09-29 00:00:00,EUR,GBP,0.8645
20250930,2025-09-30 00:00:00,EUR,USD,1.0742
20250930,2025-09-30 00:00:00,EUR,GBP,0.8601
20251001,2025-10-01 00:00:00,EUR,USD,1.0624
20251001,2025-10-01 00:00:00,EUR,GBP,0.8673
20251002,2025-10-02 00:00:00,EUR,USD,1.0585
20251002,2025-10-02 00:00:00,EUR,GBP,0.8537
20251003,2025-10-03 00:00:00,EUR,USD,1.0537
20251003,2025-10-03 00:00:00,EUR,GBP,0.8575
20251004,2025-10-04 00:00:00,EUR,USD,1.0593
20251004,2025-10-04 00:00:00,EUR,GBP,0.8573
20251005,2025-10-05 00:00:00,EUR,USD,1.0553
20251005,2025-10-05 00:00:00,EUR,GBP,0.8574
20251006,2025-10-06 00:00:00,EUR,USD,1.0537
20251006,2025-10-06 00:00:00,EUR,GBP,0.8528
20251007,2025-10-07 00:00:00,EUR,USD,1.0557
20251007,2025-10-07 00:00:00,EUR,GBP,0.8546
20251008,2025-10-08 00:00:00,EUR,USD,1.058
20251008,2025-10-08 00:00:00,EUR,GBP,0.8607
20251009,2025-10-09 00:00:00,EUR,USD,1.0407
20251009,2025-10-09 00:00:00,EUR,GBP,0.8532
20251010,2025-10-10 00:00:00,EUR,USD,1.0504
20251010,2025-10-10 00:00:00,EUR,GBP,0.8547
20251011,2025-10-11 00:00:00,EUR,USD,1.0454
20251011,2025-10-11 00:00:00,EUR,GBP,0.8466
20251012,2025-10-12 00:00:00,EUR,USD,1.0398
20251012,2025-10-12 00:00:00,EUR,GBP,0.8507
20251013,2025-10-13 00:00:00,EUR,USD,1.0453
20251013,2025-10-13 00:00:00,EUR,GBP,0.8496
20251014,2025-10-14 00:00:00,EUR,USD,1.0408
20251014,2025-10-14 00:00:00,EUR,GBP,0.841
20251015,2025-10-15 00:00:00,EUR,USD,1.0449
20251015,2025-10-15 00:00:00,EUR,GBP,0.8409
20251016,2025-10-16 00:00:00,EUR,USD,1.0428
20251016,2025-10-16 00:00:00,EUR,GBP,0.8428
20251017,2025-10-17 00:00:00,EUR,USD,1.0386
20251017,2025-10-17 00:00:00,EUR,GBP,0.8369
20251018,2025-10-18 00:00:00,EUR,USD,1.0382
20251018,2025-10-18 00:00:00,EUR,GBP,0.8349
20251019,2025-10-19 00:00:00,EUR,USD,1.0353
20251019,2025-10-19 00:00:00,EUR,GBP,0.8433
20251020,2025-10-20 00:00:00,EUR,USD,1.0394
20251020,2025-10-20 00:00:00,EUR,GBP,0.8332
20251021,2025-10-21 00:00:00,EUR,USD,1.033
20251021,2025-10-21 00:00:00,EUR,GBP,0.8318
20251022,2025-10-22 00:00:00,EUR,USD,1.0315
20251022,2025-10-22 00:00:00,EUR,GBP,0.8291
20251023,2025-10-23 00:00:00,EUR,USD,1.0253
20251023,2025-10-23 00:00:00,EUR,GBP,0.839
20251024,2025-10-24 00:00:00,EUR,USD,1.0278
20251024,2025-10-24 00:00:00,EUR,GBP,0.8286
20251025,2025-10-25 00:00:00,EUR,USD,1.015
20251025,2025-10-25 00:00:00,EUR,GBP,0.8299
20251026,2025-10-26 00:00:00,EUR,USD,1.0351
20251026,2025-10-26 00:00:00,EUR,GBP,0.8259
20251027,2025-10-27 00:00:00,EUR,USD,1.0209
20251027,2025-10-27 00:00:00,EUR,GBP,0.8274
20251028,2025-10-28 00:00:00,EUR,USD,1.0183
20251028,2025-10-28 00:00:00,EUR,GBP,0.8351
20251029,2025-10-29 00:00:00,EUR,USD,1.025
20251029,2025-10-29 00:00:00,EUR,GBP,0.8282
20251030,2025-10-30 00:00:00,EUR,USD,1.0293
20251030,2025-10-30 00:00:00,EUR,GBP,0.8314
20251031,2025-10-31 00:00:00,EUR,USD,1.0179
20251031,2025-10-31 00:00:00,EUR,GBP,0.8227
20251101,2025-11-01 00:00:00,EUR,USD,1.0148
20251101,2025-11-01 00:00:00,EUR,GBP,0.8209
20251102,2025-11-02 00:00:00,EUR,USD,1.0139
20251102,2025-11-02 00:00:00,EUR,GBP,0.8204
20251103,2025-11-03 00:00:00,EUR,USD,1.0082
20251103,2025-11-03 00:00:00,EUR,GBP,0.8122
20251104,2025-11-04 00:00:00,EUR,USD,1.0179
20251104,2025-11-04 00:00:00,EUR,GBP,0.8108
20251105,2025-11-05 00:00:00,EUR,USD,1.0134
20251105,2025-11-05 00:00:00,EUR,GBP,0.8249
20251106,2025-11-06 00:00:00,EUR,USD,1.0128
20251106,2025-11-06 00:00:00,EUR,GBP,0.8201
20251107,2025-11-07 00:00:00,EUR,USD,1.0106
20251107,2025-11-07 00:00:00,EUR,GBP,0.8186
20251108,2025-11-08 00:00:00,EUR,USD,1.0081
20251108,2025-11-08 00:00:00,EUR,GBP,0.8189
20251109,2025-11-09 00:00:00,EUR,USD,1.0043
20251109,2025-11-09 00:00:00,EUR,GBP,0.8248
20251110,2025-11-10 00:00:00,EUR,USD,1.0112
20251110,2025-11-10 00:00:00,EUR,GBP,0.8194
20251111,2025-11-11 00:00:00,EUR,USD,1.0063
20251111,2025-11-11 00:00:00,EUR,GBP,0.817
20251112,2025-11-12 00:00:00,EUR,USD,1.007
20251112,2025-11-12 00:00:00,EUR,GBP,0.8197
20251113,2025-11-13 00:00:00,EUR,USD,1.0029
20251113,2025-11-13 00:00:00,EUR,GBP,0.8213
20251114,2025-11-14 00:00:00,EUR,USD,1.0043
20251114,2025-11-14 00:00:00,EUR,GBP,0.8172
20251115,2025-11-15 00:00:00,EUR,USD,1.0077
20251115,2025-11-15 00:00:00,EUR,GBP,0.8248
20251116,2025-11-16 00:00:00,EUR,USD,0.9993
20251116,2025-11-16 00:00:00,EUR,GBP,0.834
20251117,2025-11-17 00:00:00,EUR,USD,0.9974
20251117,2025-11-17 00:00:00,EUR,GBP,0.8242
20251118,2025-11-18 00:00:00,EUR,USD,1.0045
20251118,2025-11-18 00:00:00,EUR,GBP,0.8252
20251119,2025-11-19 00:00:00,EUR,USD,1.0099
20251119,2025-11-19 00:00:00,EUR,GBP,0.8218
20251120,2025-11-20 00:00:00,EUR,USD,1.0012
20251120,2025-11-20 00:00:00,EUR,GBP,0.8253
20251121,2025-11-21 00:00:00,EUR,USD,0.9922
20251121,2025-11-21 00:00:00,EUR,GBP,0.8248
20251122,2025-11-22 00:00:00,EUR,USD,1.0024
20251122,2025-11-22 00:00:00,EUR,GBP,0.8223
20251123,2025-11-23 00:00:00,EUR,USD,1.0111
20251123,2025-11-23 00:00:00,EUR,GBP,0.827
20251124,2025-11-24 00:00:00,EUR,USD,0.9964
20251124,2025-11-24 00:00:00,EUR,GBP,0.8246
20251125,2025-11-25 00:00:00,EUR,USD,0.9961
20251125,2025-11-25 00:00:00,EUR,GBP,0.8249
20251126,2025-11-26 00:00:00,EUR,USD,1.0017
20251126,2025-11-26 00:00:00,EUR,GBP,0.8306
20251127,2025-11-27 00:00:00,EUR,USD,1.0023
20251127,2025-11-27 00:00:00,EUR,GBP,0.8327
20251128,2025-11-28 00:00:00,EUR,USD,1.0022
20251128,2025-11-28 00:00:00,EUR,GBP,0.8399
20251129,2025-11-29 00:00:00,EUR,USD,1.0048
20251129,2025-11-29 00:00:00,EUR,GBP,0.8282
20251130,2025-11-30 00:00:00,EUR,USD,1.0006
20251130,2025-11-30 00:00:00,EUR,GBP,0.8291
20251201,2025-12-01 00:00:00,EUR,USD,1.0008
20251201,2025-12-01 00:00:00,EUR,GBP,0.8292
20251202,2025-12-02 00:00:00,EUR,USD,0.9999
20251202,2025-12-02 00:00:00,EUR,GBP,0.8357
20251203,2025-12-03 00:00:00,EUR,USD,0.9947
20251203,2025-12-03 00:00:00,EUR,GBP,0.8376
20251204,2025-12-04 00:00:00,EUR,USD,1.0
20251204,2025-12-04 00:00:00,EUR,GBP,0.8345
20251205,2025-12-05 00:00:00,EUR,USD,1.0069
20251205,2025-12-05 00:00:00,EUR,GBP,0.8389
20251206,2025-12-06 00:00:00,EUR,USD,1.0085
20251206,2025-12-06 00:00:00,EUR,GBP,0.8426
20251207,2025-12-07 00:00:00,EUR,USD,1.0014
20251207,2025-12-07 00:00:00,EUR,GBP,0.8393
20251208,2025-12-08 00:00:00,EUR,USD,0.9982
20251208,2025-12-08 00:00:00,EUR,GBP,0.8454
20251209,2025-12-09 00:00:00,EUR,USD,1.0065
20251209,2025-12-09 00:00:00,EUR,GBP,0.8428
20251210,2025-12-10 00:00:00,EUR,USD,0.9994
20251210,2025-12-10 00:00:00,EUR,GBP,0.8504
20251211,2025-12-11 00:00:00,EUR,USD,1.0099
20251211,2025-12-11 00:00:00,EUR,GBP,0.8458
20251212,2025-12-12 00:00:00,EUR,USD,1.0061
20251212,2025-12-12 00:00:00,EUR,GBP,0.8527
20251213,2025-12-13 00:00:00,EUR,USD,1.0024
20251213,2025-12-13 00:00:00,EUR,GBP,0.8486
20251214,2025-12-14 00:00:00,EUR,USD,1.0129
20251214,2025-12-14 00:00:00,EUR,GBP,0.8501
20251215,2025-12-15 00:00:00,EUR,USD,1.0102
20251215,2025-12-15 00:00:00,EUR,GBP,0.8555
20251216,2025-12-16 00:00:00,EUR,USD,1.0049
20251216,2025-12-16 00:00:00,EUR,GBP,0.8605
20251217,2025-12-17 00:00:00,EUR,USD,1.0041
20251217,2025-12-17 00:00:00,EUR,GBP,0.8592
20251218,2025-12-18 00:00:00,EUR,USD,1.0107
20251218,2025-12-18 00:00:00,EUR,GBP,0.8599
20251219,2025-12-19 00:00:00,EUR,USD,1.013
20251219,2025-12-19 00:00:00,EUR,GBP,0.8564
20251220,2025-12-20 00:00:00,EUR,USD,1.0138
20251220,2025-12-20 00:00:00,EUR,GBP,0.8642
20251221,2025-12-21 00:00:00,EUR,USD,1.0153
20251221,2025-12-21 00:00:00,EUR,GBP,0.8617
20251222,2025-12-22 00:00:00,EUR,USD,1.0079
20251222,2025-12-22 00:00:00,EUR,GBP,0.8614
20251223,2025-12-23 00:00:00,EUR,USD,1.0154
20251223,2025-12-23 00:00:00,EUR,GBP,0.8696
20251224,2025-12-24 00:00:00,EUR,USD,1.0185
20251224,2025-12-24 00:00:00,EUR,GBP,0.8695
20251225,2025-12-25 00:00:00,EUR,USD,1.0179
20251225,2025-12-25 00:00:00,EUR,GBP,0.8604
20251226,2025-12-26 00:00:00,EUR,USD,1.0281
20251226,2025-12-26 00:00:00,EUR,GBP,0.8667
20251227,2025-12-27 00:00:00,EUR,USD,1.0293
20251227,2025-12-27 00:00:00,EUR,GBP,0.87
20251228,2025-12-28 00:00:00,EUR,USD,1.0329
20251228,2025-12-28 00:00:00,EUR,GBP,0.8847
20251229,2025-12-29 00:00:00,EUR,USD,1.0297
20251229,2025-12-29 00:00:00,EUR,GBP,0.8675
20251230,2025-12-30 00:00:00,EUR,USD,1.0318
20251230,2025-12-30 00:00:00,EUR,GBP,0.8754
20251231,2025-12-31 00:00:00,EUR,USD,1.0244
20251231,2025-12-31 00:00:00,EUR,GBP,0.8721
20250607,2025-06-07 00:00:00,EUR,GBP,0.8533
20240723,2024-07-23 00:00:00,EUR,GBP,0.831
20250124,2025-01-24 00:00:00,EUR,GBP,0.861
20250123,2025-01-23 00:00:00,EUR,GBP,0.8622
20250915,2025-09-15 00:00:00,EUR,USD,1.0816
20250221,2025-02-21 00:00:00,EUR,GBP,0.8263
20250706,2025-07-06 00:00:00,EUR,USD,1.0544
20251222,2025-12-22 00:00:00,EUR,USD,1.0079
20240512,2024-05-12 00:00:00,EUR,USD,0.998
20240517,2024-05-17 00:00:00,EUR,GBP,0.8708
